2026-04-13 17:48:34.599 [background-preinit] INFO  o.h.validator.internal.util.Version - HV000001: Hibernate Validator 8.0.3.Final
2026-04-13 17:48:34.635 [main] INFO  c.p.w.WebprojrctApplicationTests - Starting WebprojrctApplicationTests using Java 21 with PID 4556 (started by kietc in C:\Users\kietc\java\ATUDW_FINAL)
2026-04-13 17:48:34.636 [main] INFO  c.p.w.WebprojrctApplicationTests - No active profile set, falling back to 1 default profile: "default"
2026-04-13 17:48:36.192 [main] INFO  o.s.d.r.c.RepositoryConfigurationDelegate - Bootstrapping Spring Data JPA repositories in DEFAULT mode.
2026-04-13 17:48:36.427 [main] INFO  o.s.d.r.c.RepositoryConfigurationDelegate - Finished Spring Data repository scanning in 221 ms. Found 19 JPA repository interfaces.
2026-04-13 17:48:37.114 [main] INFO  com.zaxxer.hikari.HikariDataSource - HikariPool-1 - Starting...
2026-04-13 17:48:37.376 [main] INFO  com.zaxxer.hikari.pool.HikariPool - HikariPool-1 - Added connection com.mysql.cj.jdbc.ConnectionImpl@4449a60b
2026-04-13 17:48:37.377 [main] INFO  com.zaxxer.hikari.HikariDataSource - HikariPool-1 - Start completed.
2026-04-13 17:48:37.490 [main] INFO  o.hibernate.jpa.internal.util.LogHelper - HHH000204: Processing PersistenceUnitInfo [name: default]
2026-04-13 17:48:37.536 [main] INFO  org.hibernate.Version - HHH000412: Hibernate ORM core version 6.6.44.Final
2026-04-13 17:48:37.566 [main] INFO  o.h.c.internal.RegionFactoryInitiator - HHH000026: Second-level cache disabled
2026-04-13 17:48:37.851 [main] INFO  o.s.o.j.p.SpringPersistenceUnitInfo - No LoadTimeWeaver setup: ignoring JPA class transformer
2026-04-13 17:48:37.908 [main] WARN  org.hibernate.orm.deprecation - HHH90000025: MySQL8Dialect does not need to be specified explicitly using 'hibernate.dialect' (remove the property setting and it will be selected by default)
2026-04-13 17:48:37.909 [main] WARN  org.hibernate.orm.deprecation - HHH90000026: MySQL8Dialect has been deprecated; use org.hibernate.dialect.MySQLDialect instead
2026-04-13 17:48:37.922 [main] INFO  org.hibernate.orm.connections.pooling - HHH10001005: Database info:
	Database JDBC URL [Connecting through datasource 'HikariDataSource (HikariPool-1)']
	Database driver: undefined/unknown
	Database version: 8.0
	Autocommit mode: undefined/unknown
	Isolation level: undefined/unknown
	Minimum pool size: undefined/unknown
	Maximum pool size: undefined/unknown
2026-04-13 17:48:39.217 [main] INFO  o.h.e.t.j.p.i.JtaPlatformInitiator - HHH000489: No JTA platform available (set 'hibernate.transaction.jta.platform' to enable JTA platform integration)
2026-04-13 17:48:39.405 [main] INFO  o.s.o.j.LocalContainerEntityManagerFactoryBean - Initialized JPA EntityManagerFactory for persistence unit 'default'
2026-04-13 17:48:39.832 [main] INFO  o.s.d.j.r.query.QueryEnhancerFactory - Hibernate is in classpath; If applicable, HQL parser will be used.
2026-04-13 17:48:40.955 [main] WARN  o.s.s.c.a.a.c.InitializeUserDetailsBeanManagerConfigurer$InitializeUserDetailsManagerConfigurer - Global AuthenticationManager configured with an AuthenticationProvider bean. UserDetailsService beans will not be used by Spring Security for automatically configuring username/password login. Consider removing the AuthenticationProvider bean. Alternatively, consider using the UserDetailsService in a manually instantiated DaoAuthenticationProvider. If the current configuration is intentional, to turn off this warning, increase the logging level of 'org.springframework.security.config.annotation.authentication.configuration.InitializeUserDetailsBeanManagerConfigurer' to ERROR
2026-04-13 17:48:41.585 [main] WARN  o.s.b.a.o.j.JpaBaseConfiguration$JpaWebConfiguration - spring.jpa.open-in-view is enabled by default. Therefore, database queries may be performed during view rendering. Explicitly configure spring.jpa.open-in-view to disable this warning
2026-04-13 17:48:42.070 [main] INFO  o.s.b.a.e.web.EndpointLinksResolver - Exposing 1 endpoint beneath base path '/actuator'
2026-04-13 17:48:42.794 [main] INFO  o.s.m.s.b.SimpleBrokerMessageHandler - Starting...
2026-04-13 17:48:42.795 [main] INFO  o.s.m.s.b.SimpleBrokerMessageHandler - BrokerAvailabilityEvent[available=true, SimpleBrokerMessageHandler [org.springframework.messaging.simp.broker.DefaultSubscriptionRegistry@24bff8d7]]
2026-04-13 17:48:42.797 [main] INFO  o.s.m.s.b.SimpleBrokerMessageHandler - Started.
2026-04-13 17:48:42.810 [main] INFO  c.p.w.WebprojrctApplicationTests - Started WebprojrctApplicationTests in 8.579 seconds (process running for 9.639)
2026-04-13 17:48:43.290 [SpringApplicationShutdownHook] INFO  o.s.m.s.b.SimpleBrokerMessageHandler - Stopping...
2026-04-13 17:48:43.291 [SpringApplicationShutdownHook] INFO  o.s.m.s.b.SimpleBrokerMessageHandler - BrokerAvailabilityEvent[available=false, SimpleBrokerMessageHandler [org.springframework.messaging.simp.broker.DefaultSubscriptionRegistry@24bff8d7]]
2026-04-13 17:48:43.291 [SpringApplicationShutdownHook] INFO  o.s.m.s.b.SimpleBrokerMessageHandler - Stopped.
2026-04-13 17:48:43.309 [SpringApplicationShutdownHook] INFO  o.s.o.j.LocalContainerEntityManagerFactoryBean - Closing JPA EntityManagerFactory for persistence unit 'default'
2026-04-13 17:48:43.334 [SpringApplicationShutdownHook] INFO  com.zaxxer.hikari.HikariDataSource - HikariPool-1 - Shutdown initiated...
2026-04-13 17:48:43.351 [SpringApplicationShutdownHook] INFO  com.zaxxer.hikari.HikariDataSource - HikariPool-1 - Shutdown completed.
2026-04-13 17:49:35.433 [background-preinit] INFO  o.h.validator.internal.util.Version - HV000001: Hibernate Validator 8.0.3.Final
2026-04-13 17:49:35.475 [main] INFO  c.proj.webprojrct.WebprojrctApplication - Starting WebprojrctApplication using Java 21 with PID 30500 (C:\Users\kietc\java\ATUDW_FINAL\target\classes started by kietc in C:\Users\kietc\java\ATUDW_FINAL)
2026-04-13 17:49:35.476 [main] INFO  c.proj.webprojrct.WebprojrctApplication - No active profile set, falling back to 1 default profile: "default"
2026-04-13 17:49:36.526 [main] INFO  o.s.d.r.c.RepositoryConfigurationDelegate - Bootstrapping Spring Data JPA repositories in DEFAULT mode.
2026-04-13 17:49:36.663 [main] INFO  o.s.d.r.c.RepositoryConfigurationDelegate - Finished Spring Data repository scanning in 128 ms. Found 19 JPA repository interfaces.
2026-04-13 17:49:37.195 [main] INFO  o.s.b.w.embedded.tomcat.TomcatWebServer - Tomcat initialized with port 8080 (https)
2026-04-13 17:49:37.205 [main] INFO  o.apache.coyote.http11.Http11NioProtocol - Initializing ProtocolHandler ["https-jsse-nio-8080"]
2026-04-13 17:49:37.208 [main] INFO  o.apache.catalina.core.StandardService - Starting service [Tomcat]
2026-04-13 17:49:37.208 [main] INFO  org.apache.catalina.core.StandardEngine - Starting Servlet engine: [Apache Tomcat/10.1.54]
2026-04-13 17:49:37.430 [main] INFO  org.apache.jasper.servlet.TldScanner - At least one JAR was scanned for TLDs yet contained no TLDs. Enable debug logging for this logger for a complete list of JARs that were scanned but no TLDs were found in them. Skipping unneeded JARs during scanning can improve startup time and JSP compilation time.
2026-04-13 17:49:37.437 [main] INFO  o.a.c.c.C.[Tomcat].[localhost].[/] - Initializing Spring embedded WebApplicationContext
2026-04-13 17:49:37.437 [main] INFO  o.s.b.w.s.c.ServletWebServerApplicationContext - Root WebApplicationContext: initialization completed in 1912 ms
2026-04-13 17:49:37.566 [main] INFO  com.zaxxer.hikari.HikariDataSource - HikariPool-1 - Starting...
2026-04-13 17:49:37.702 [main] INFO  com.zaxxer.hikari.pool.HikariPool - HikariPool-1 - Added connection com.mysql.cj.jdbc.ConnectionImpl@799fb45e
2026-04-13 17:49:37.704 [main] INFO  com.zaxxer.hikari.HikariDataSource - HikariPool-1 - Start completed.
2026-04-13 17:49:37.782 [main] INFO  o.hibernate.jpa.internal.util.LogHelper - HHH000204: Processing PersistenceUnitInfo [name: default]
2026-04-13 17:49:37.825 [main] INFO  org.hibernate.Version - HHH000412: Hibernate ORM core version 6.6.44.Final
2026-04-13 17:49:37.854 [main] INFO  o.h.c.internal.RegionFactoryInitiator - HHH000026: Second-level cache disabled
2026-04-13 17:49:38.068 [main] INFO  o.s.o.j.p.SpringPersistenceUnitInfo - No LoadTimeWeaver setup: ignoring JPA class transformer
2026-04-13 17:49:38.126 [main] WARN  org.hibernate.orm.deprecation - HHH90000025: MySQL8Dialect does not need to be specified explicitly using 'hibernate.dialect' (remove the property setting and it will be selected by default)
2026-04-13 17:49:38.128 [main] WARN  org.hibernate.orm.deprecation - HHH90000026: MySQL8Dialect has been deprecated; use org.hibernate.dialect.MySQLDialect instead
2026-04-13 17:49:38.139 [main] INFO  org.hibernate.orm.connections.pooling - HHH10001005: Database info:
	Database JDBC URL [Connecting through datasource 'HikariDataSource (HikariPool-1)']
	Database driver: undefined/unknown
	Database version: 8.0
	Autocommit mode: undefined/unknown
	Isolation level: undefined/unknown
	Minimum pool size: undefined/unknown
	Maximum pool size: undefined/unknown
2026-04-13 17:49:39.203 [main] INFO  o.h.e.t.j.p.i.JtaPlatformInitiator - HHH000489: No JTA platform available (set 'hibernate.transaction.jta.platform' to enable JTA platform integration)
2026-04-13 17:49:39.379 [main] INFO  o.s.o.j.LocalContainerEntityManagerFactoryBean - Initialized JPA EntityManagerFactory for persistence unit 'default'
2026-04-13 17:49:39.628 [main] INFO  o.s.config.ConfigurableSiteMeshFilter - SiteMesh 3.2.1 initialized with filter name 'sitemeshFilter'
2026-04-13 17:49:39.681 [main] INFO  o.s.d.j.r.query.QueryEnhancerFactory - Hibernate is in classpath; If applicable, HQL parser will be used.
2026-04-13 17:49:40.394 [main] WARN  o.s.s.c.a.a.c.InitializeUserDetailsBeanManagerConfigurer$InitializeUserDetailsManagerConfigurer - Global AuthenticationManager configured with an AuthenticationProvider bean. UserDetailsService beans will not be used by Spring Security for automatically configuring username/password login. Consider removing the AuthenticationProvider bean. Alternatively, consider using the UserDetailsService in a manually instantiated DaoAuthenticationProvider. If the current configuration is intentional, to turn off this warning, increase the logging level of 'org.springframework.security.config.annotation.authentication.configuration.InitializeUserDetailsBeanManagerConfigurer' to ERROR
2026-04-13 17:49:41.119 [main] WARN  o.s.b.a.o.j.JpaBaseConfiguration$JpaWebConfiguration - spring.jpa.open-in-view is enabled by default. Therefore, database queries may be performed during view rendering. Explicitly configure spring.jpa.open-in-view to disable this warning
2026-04-13 17:49:41.570 [main] INFO  o.s.b.a.e.web.EndpointLinksResolver - Exposing 1 endpoint beneath base path '/actuator'
2026-04-13 17:49:42.243 [main] INFO  o.s.m.s.b.SimpleBrokerMessageHandler - Starting...
2026-04-13 17:49:42.243 [main] INFO  o.s.m.s.b.SimpleBrokerMessageHandler - BrokerAvailabilityEvent[available=true, SimpleBrokerMessageHandler [org.springframework.messaging.simp.broker.DefaultSubscriptionRegistry@68c66620]]
2026-04-13 17:49:42.246 [main] INFO  o.s.m.s.b.SimpleBrokerMessageHandler - Started.
2026-04-13 17:49:42.247 [main] INFO  o.apache.coyote.http11.Http11NioProtocol - Starting ProtocolHandler ["https-jsse-nio-8080"]
2026-04-13 17:49:42.499 [main] INFO  o.a.t.util.net.NioEndpoint.certificate - Connector [https-jsse-nio-8080], TLS virtual host [_default_], certificate type [UNDEFINED] configured from keystore [Set directly - location unknown] using alias [springboot] with trust store [null]
2026-04-13 17:49:42.522 [main] INFO  o.s.b.w.embedded.tomcat.TomcatWebServer - Tomcat started on port 8080 (https) with context path '/'
2026-04-13 17:49:42.535 [main] INFO  c.proj.webprojrct.WebprojrctApplication - Started WebprojrctApplication in 7.514 seconds (process running for 7.837)
2026-04-13 17:49:44.911 [https-jsse-nio-8080-exec-4] INFO  o.a.c.c.C.[Tomcat].[localhost].[/] - Initializing Spring DispatcherServlet 'dispatcherServlet'
2026-04-13 17:49:44.912 [https-jsse-nio-8080-exec-4] INFO  o.s.web.servlet.DispatcherServlet - Initializing Servlet 'dispatcherServlet'
2026-04-13 17:49:44.914 [https-jsse-nio-8080-exec-4] INFO  o.s.web.servlet.DispatcherServlet - Completed initialization in 2 ms
2026-04-13 17:50:42.206 [MessageBroker-1] INFO  o.s.w.s.c.WebSocketMessageBrokerStats - WebSocketSession[0 current WS(0)-HttpStream(0)-HttpPoll(0), 0 total, 0 closed abnormally (0 connect failure, 0 send limit, 0 transport error)], stompSubProtocol[processed CONNECT(0)-CONNECTED(0)-DISCONNECT(0)], stompBrokerRelay[null], inboundChannel[pool size = 0, active threads = 0, queued tasks = 0, completed tasks = 0], outboundChannel[pool size = 0, active threads = 0, queued tasks = 0, completed tasks = 0], sockJsScheduler[pool size = 1, active threads = 1, queued tasks = 0, completed tasks = 0]
2026-04-13 17:50:57.910 [SpringApplicationShutdownHook] INFO  o.s.b.w.embedded.tomcat.GracefulShutdown - Commencing graceful shutdown. Waiting for active requests to complete
2026-04-13 17:50:57.916 [tomcat-shutdown] INFO  o.s.b.w.embedded.tomcat.GracefulShutdown - Graceful shutdown complete
2026-04-13 17:50:57.925 [SpringApplicationShutdownHook] INFO  o.s.m.s.b.SimpleBrokerMessageHandler - Stopping...
2026-04-13 17:50:57.925 [SpringApplicationShutdownHook] INFO  o.s.m.s.b.SimpleBrokerMessageHandler - BrokerAvailabilityEvent[available=false, SimpleBrokerMessageHandler [org.springframework.messaging.simp.broker.DefaultSubscriptionRegistry@68c66620]]
2026-04-13 17:50:57.925 [SpringApplicationShutdownHook] INFO  o.s.m.s.b.SimpleBrokerMessageHandler - Stopped.
2026-04-13 17:50:57.935 [SpringApplicationShutdownHook] INFO  o.s.o.j.LocalContainerEntityManagerFactoryBean - Closing JPA EntityManagerFactory for persistence unit 'default'
2026-04-13 17:50:57.938 [SpringApplicationShutdownHook] INFO  com.zaxxer.hikari.HikariDataSource - HikariPool-1 - Shutdown initiated...
2026-04-13 17:50:57.945 [SpringApplicationShutdownHook] INFO  com.zaxxer.hikari.HikariDataSource - HikariPool-1 - Shutdown completed.
2026-04-13 20:54:31.531 [background-preinit] INFO  o.h.validator.internal.util.Version - HV000001: Hibernate Validator 8.0.3.Final
2026-04-13 20:54:31.648 [main] INFO  c.proj.webprojrct.WebprojrctApplication - Starting WebprojrctApplication using Java 21 with PID 4424 (C:\Users\kietc\java\ATUDW_FINAL\target\classes started by kietc in C:\Users\kietc\java\ATUDW_FINAL)
2026-04-13 20:54:31.650 [main] INFO  c.proj.webprojrct.WebprojrctApplication - No active profile set, falling back to 1 default profile: "default"
2026-04-13 20:54:35.084 [main] INFO  o.s.d.r.c.RepositoryConfigurationDelegate - Bootstrapping Spring Data JPA repositories in DEFAULT mode.
2026-04-13 20:54:35.371 [main] INFO  o.s.d.r.c.RepositoryConfigurationDelegate - Finished Spring Data repository scanning in 269 ms. Found 19 JPA repository interfaces.
2026-04-13 20:54:36.615 [main] INFO  o.s.b.w.embedded.tomcat.TomcatWebServer - Tomcat initialized with port 8080 (https)
2026-04-13 20:54:36.636 [main] INFO  o.apache.coyote.http11.Http11NioProtocol - Initializing ProtocolHandler ["https-jsse-nio-8080"]
2026-04-13 20:54:36.644 [main] INFO  o.apache.catalina.core.StandardService - Starting service [Tomcat]
2026-04-13 20:54:36.645 [main] INFO  org.apache.catalina.core.StandardEngine - Starting Servlet engine: [Apache Tomcat/10.1.54]
2026-04-13 20:54:37.027 [main] INFO  org.apache.jasper.servlet.TldScanner - At least one JAR was scanned for TLDs yet contained no TLDs. Enable debug logging for this logger for a complete list of JARs that were scanned but no TLDs were found in them. Skipping unneeded JARs during scanning can improve startup time and JSP compilation time.
2026-04-13 20:54:37.037 [main] INFO  o.a.c.c.C.[Tomcat].[localhost].[/] - Initializing Spring embedded WebApplicationContext
2026-04-13 20:54:37.037 [main] INFO  o.s.b.w.s.c.ServletWebServerApplicationContext - Root WebApplicationContext: initialization completed in 5283 ms
2026-04-13 20:54:37.271 [main] INFO  com.zaxxer.hikari.HikariDataSource - HikariPool-1 - Starting...
2026-04-13 20:54:38.894 [main] INFO  o.hibernate.jpa.internal.util.LogHelper - HHH000204: Processing PersistenceUnitInfo [name: default]
2026-04-13 20:54:39.190 [main] INFO  org.hibernate.Version - HHH000412: Hibernate ORM core version 6.6.44.Final
2026-04-13 20:54:39.270 [main] INFO  o.h.c.internal.RegionFactoryInitiator - HHH000026: Second-level cache disabled
2026-04-13 20:54:39.714 [main] INFO  o.s.o.j.p.SpringPersistenceUnitInfo - No LoadTimeWeaver setup: ignoring JPA class transformer
2026-04-13 20:54:39.768 [main] INFO  com.zaxxer.hikari.HikariDataSource - HikariPool-1 - Starting...
2026-04-13 20:54:40.805 [main] WARN  o.h.engine.jdbc.spi.SqlExceptionHelper - SQL Error: 0, SQLState: 08S01
2026-04-13 20:54:40.805 [main] ERROR o.h.engine.jdbc.spi.SqlExceptionHelper - Communications link failure

The last packet sent successfully to the server was 0 milliseconds ago. The driver has not received any packets from the server.
2026-04-13 20:54:40.806 [main] WARN  o.h.e.j.e.i.JdbcEnvironmentInitiator - HHH000342: Could not obtain connection to query metadata
org.hibernate.exception.JDBCConnectionException: unable to obtain isolated JDBC connection [Communications link failure

The last packet sent successfully to the server was 0 milliseconds ago. The driver has not received any packets from the server.] [n/a]
	at org.hibernate.exception.internal.SQLStateConversionDelegate.convert(SQLStateConversionDelegate.java:100)
	at org.hibernate.exception.internal.StandardSQLExceptionConverter.convert(StandardSQLExceptionConverter.java:58)
	at org.hibernate.engine.jdbc.spi.SqlExceptionHelper.convert(SqlExceptionHelper.java:108)
	at org.hibernate.engine.jdbc.spi.SqlExceptionHelper.convert(SqlExceptionHelper.java:94)
	at org.hibernate.resource.transaction.backend.jdbc.internal.JdbcIsolationDelegate.delegateWork(JdbcIsolationDelegate.java:116)
	at org.hibernate.engine.jdbc.env.internal.JdbcEnvironmentInitiator.getJdbcEnvironmentUsingJdbcMetadata(JdbcEnvironmentInitiator.java:334)
	at org.hibernate.engine.jdbc.env.internal.JdbcEnvironmentInitiator.initiateService(JdbcEnvironmentInitiator.java:129)
	at org.hibernate.engine.jdbc.env.internal.JdbcEnvironmentInitiator.initiateService(JdbcEnvironmentInitiator.java:81)
	at org.hibernate.boot.registry.internal.StandardServiceRegistryImpl.initiateService(StandardServiceRegistryImpl.java:130)
	at org.hibernate.service.internal.AbstractServiceRegistryImpl.createService(AbstractServiceRegistryImpl.java:263)
	at org.hibernate.service.internal.AbstractServiceRegistryImpl.initializeService(AbstractServiceRegistryImpl.java:238)
	at org.hibernate.service.internal.AbstractServiceRegistryImpl.getService(AbstractServiceRegistryImpl.java:215)
	at org.hibernate.boot.model.relational.Database.<init>(Database.java:45)
	at org.hibernate.boot.internal.InFlightMetadataCollectorImpl.getDatabase(InFlightMetadataCollectorImpl.java:226)
	at org.hibernate.boot.internal.InFlightMetadataCollectorImpl.<init>(InFlightMetadataCollectorImpl.java:194)
	at org.hibernate.boot.model.process.spi.MetadataBuildingProcess.complete(MetadataBuildingProcess.java:171)
	at org.hibernate.jpa.boot.internal.EntityManagerFactoryBuilderImpl.metadata(EntityManagerFactoryBuilderImpl.java:1442)
	at org.hibernate.jpa.boot.internal.EntityManagerFactoryBuilderImpl.build(EntityManagerFactoryBuilderImpl.java:1513)
	at org.springframework.orm.jpa.vendor.SpringHibernateJpaPersistenceProvider.createContainerEntityManagerFactory(SpringHibernateJpaPersistenceProvider.java:66)
	at org.springframework.orm.jpa.LocalContainerEntityManagerFactoryBean.createNativeEntityManagerFactory(LocalContainerEntityManagerFactoryBean.java:388)
	at org.springframework.orm.jpa.AbstractEntityManagerFactoryBean.buildNativeEntityManagerFactory(AbstractEntityManagerFactoryBean.java:419)
	at org.springframework.orm.jpa.AbstractEntityManagerFactoryBean.afterPropertiesSet(AbstractEntityManagerFactoryBean.java:400)
	at org.springframework.orm.jpa.LocalContainerEntityManagerFactoryBean.afterPropertiesSet(LocalContainerEntityManagerFactoryBean.java:364)
	at org.springframework.beans.factory.support.AbstractAutowireCapableBeanFactory.invokeInitMethods(AbstractAutowireCapableBeanFactory.java:1873)
	at org.springframework.beans.factory.support.AbstractAutowireCapableBeanFactory.initializeBean(AbstractAutowireCapableBeanFactory.java:1822)
	at org.springframework.beans.factory.support.AbstractAutowireCapableBeanFactory.doCreateBean(AbstractAutowireCapableBeanFactory.java:607)
	at org.springframework.beans.factory.support.AbstractAutowireCapableBeanFactory.createBean(AbstractAutowireCapableBeanFactory.java:529)
	at org.springframework.beans.factory.support.AbstractBeanFactory.lambda$doGetBean$0(AbstractBeanFactory.java:339)
	at org.springframework.beans.factory.support.DefaultSingletonBeanRegistry.getSingleton(DefaultSingletonBeanRegistry.java:373)
	at org.springframework.beans.factory.support.AbstractBeanFactory.doGetBean(AbstractBeanFactory.java:337)
	at org.springframework.beans.factory.support.AbstractBeanFactory.getBean(AbstractBeanFactory.java:202)
	at org.springframework.beans.factory.support.BeanDefinitionValueResolver.resolveReference(BeanDefinitionValueResolver.java:365)
	at org.springframework.beans.factory.support.BeanDefinitionValueResolver.resolveValueIfNecessary(BeanDefinitionValueResolver.java:135)
	at org.springframework.beans.factory.support.ConstructorResolver.resolveConstructorArguments(ConstructorResolver.java:691)
	at org.springframework.beans.factory.support.ConstructorResolver.instantiateUsingFactoryMethod(ConstructorResolver.java:513)
	at org.springframework.beans.factory.support.AbstractAutowireCapableBeanFactory.instantiateUsingFactoryMethod(AbstractAutowireCapableBeanFactory.java:1375)
	at org.springframework.beans.factory.support.AbstractAutowireCapableBeanFactory.createBeanInstance(AbstractAutowireCapableBeanFactory.java:1205)
	at org.springframework.beans.factory.support.AbstractAutowireCapableBeanFactory.doCreateBean(AbstractAutowireCapableBeanFactory.java:569)
	at org.springframework.beans.factory.support.AbstractAutowireCapableBeanFactory.createBean(AbstractAutowireCapableBeanFactory.java:529)
	at org.springframework.beans.factory.support.AbstractBeanFactory.lambda$doGetBean$0(AbstractBeanFactory.java:339)
	at org.springframework.beans.factory.support.DefaultSingletonBeanRegistry.getSingleton(DefaultSingletonBeanRegistry.java:373)
	at org.springframework.beans.factory.support.AbstractBeanFactory.doGetBean(AbstractBeanFactory.java:337)
	at org.springframework.beans.factory.support.AbstractBeanFactory.getBean(AbstractBeanFactory.java:202)
	at org.springframework.beans.factory.support.BeanDefinitionValueResolver.resolveReference(BeanDefinitionValueResolver.java:365)
	at org.springframework.beans.factory.support.BeanDefinitionValueResolver.resolveValueIfNecessary(BeanDefinitionValueResolver.java:135)
	at org.springframework.beans.factory.support.AbstractAutowireCapableBeanFactory.applyPropertyValues(AbstractAutowireCapableBeanFactory.java:1725)
	at org.springframework.beans.factory.support.AbstractAutowireCapableBeanFactory.populateBean(AbstractAutowireCapableBeanFactory.java:1474)
	at org.springframework.beans.factory.support.AbstractAutowireCapableBeanFactory.doCreateBean(AbstractAutowireCapableBeanFactory.java:606)
	at org.springframework.beans.factory.support.AbstractAutowireCapableBeanFactory.createBean(AbstractAutowireCapableBeanFactory.java:529)
	at org.springframework.beans.factory.support.AbstractBeanFactory.lambda$doGetBean$0(AbstractBeanFactory.java:339)
	at org.springframework.beans.factory.support.DefaultSingletonBeanRegistry.getSingleton(DefaultSingletonBeanRegistry.java:373)
	at org.springframework.beans.factory.support.AbstractBeanFactory.doGetBean(AbstractBeanFactory.java:337)
	at org.springframework.beans.factory.support.AbstractBeanFactory.getBean(AbstractBeanFactory.java:202)
	at org.springframework.beans.factory.support.DefaultListableBeanFactory.doResolveDependency(DefaultListableBeanFactory.java:1708)
	at org.springframework.beans.factory.support.DefaultListableBeanFactory.resolveDependency(DefaultListableBeanFactory.java:1653)
	at org.springframework.beans.factory.support.ConstructorResolver.resolveAutowiredArgument(ConstructorResolver.java:913)
	at org.springframework.beans.factory.support.ConstructorResolver.createArgumentArray(ConstructorResolver.java:791)
	at org.springframework.beans.factory.support.ConstructorResolver.autowireConstructor(ConstructorResolver.java:240)
	at org.springframework.beans.factory.support.AbstractAutowireCapableBeanFactory.autowireConstructor(AbstractAutowireCapableBeanFactory.java:1395)
	at org.springframework.beans.factory.support.AbstractAutowireCapableBeanFactory.createBeanInstance(AbstractAutowireCapableBeanFactory.java:1232)
	at org.springframework.beans.factory.support.AbstractAutowireCapableBeanFactory.doCreateBean(AbstractAutowireCapableBeanFactory.java:569)
	at org.springframework.beans.factory.support.AbstractAutowireCapableBeanFactory.createBean(AbstractAutowireCapableBeanFactory.java:529)
	at org.springframework.beans.factory.support.AbstractBeanFactory.lambda$doGetBean$0(AbstractBeanFactory.java:339)
	at org.springframework.beans.factory.support.DefaultSingletonBeanRegistry.getSingleton(DefaultSingletonBeanRegistry.java:373)
	at org.springframework.beans.factory.support.AbstractBeanFactory.doGetBean(AbstractBeanFactory.java:337)
	at org.springframework.beans.factory.support.AbstractBeanFactory.getBean(AbstractBeanFactory.java:202)
	at org.springframework.beans.factory.config.DependencyDescriptor.resolveCandidate(DependencyDescriptor.java:254)
	at org.springframework.beans.factory.support.DefaultListableBeanFactory.doResolveDependency(DefaultListableBeanFactory.java:1770)
	at org.springframework.beans.factory.support.DefaultListableBeanFactory.resolveDependency(DefaultListableBeanFactory.java:1653)
	at org.springframework.beans.factory.support.ConstructorResolver.resolveAutowiredArgument(ConstructorResolver.java:913)
	at org.springframework.beans.factory.support.ConstructorResolver.createArgumentArray(ConstructorResolver.java:791)
	at org.springframework.beans.factory.support.ConstructorResolver.autowireConstructor(ConstructorResolver.java:240)
	at org.springframework.beans.factory.support.AbstractAutowireCapableBeanFactory.autowireConstructor(AbstractAutowireCapableBeanFactory.java:1395)
	at org.springframework.beans.factory.support.AbstractAutowireCapableBeanFactory.createBeanInstance(AbstractAutowireCapableBeanFactory.java:1232)
	at org.springframework.beans.factory.support.AbstractAutowireCapableBeanFactory.doCreateBean(AbstractAutowireCapableBeanFactory.java:569)
	at org.springframework.beans.factory.support.AbstractAutowireCapableBeanFactory.createBean(AbstractAutowireCapableBeanFactory.java:529)
	at org.springframework.beans.factory.support.AbstractBeanFactory.lambda$doGetBean$0(AbstractBeanFactory.java:339)
	at org.springframework.beans.factory.support.DefaultSingletonBeanRegistry.getSingleton(DefaultSingletonBeanRegistry.java:373)
	at org.springframework.beans.factory.support.AbstractBeanFactory.doGetBean(AbstractBeanFactory.java:337)
	at org.springframework.beans.factory.support.AbstractBeanFactory.getBean(AbstractBeanFactory.java:207)
	at org.springframework.boot.web.servlet.ServletContextInitializerBeans.getOrderedBeansOfType(ServletContextInitializerBeans.java:230)
	at org.springframework.boot.web.servlet.ServletContextInitializerBeans.addAsRegistrationBean(ServletContextInitializerBeans.java:184)
	at org.springframework.boot.web.servlet.ServletContextInitializerBeans.addAsRegistrationBean(ServletContextInitializerBeans.java:179)
	at org.springframework.boot.web.servlet.ServletContextInitializerBeans.addAdaptableBeans(ServletContextInitializerBeans.java:164)
	at org.springframework.boot.web.servlet.ServletContextInitializerBeans.<init>(ServletContextInitializerBeans.java:96)
	at org.springframework.boot.web.servlet.context.ServletWebServerApplicationContext.getServletContextInitializerBeans(ServletWebServerApplicationContext.java:271)
	at org.springframework.boot.web.servlet.context.ServletWebServerApplicationContext.selfInitialize(ServletWebServerApplicationContext.java:245)
	at org.springframework.boot.web.embedded.tomcat.TomcatStarter.onStartup(TomcatStarter.java:52)
	at org.apache.catalina.core.StandardContext.startInternal(StandardContext.java:4452)
	at org.apache.catalina.util.LifecycleBase.start(LifecycleBase.java:164)
	at org.apache.catalina.core.ContainerBase$StartChild.call(ContainerBase.java:1201)
	at org.apache.catalina.core.ContainerBase$StartChild.call(ContainerBase.java:1191)
	at java.base/java.util.concurrent.FutureTask.run(FutureTask.java:317)
	at org.apache.tomcat.util.threads.InlineExecutorService.execute(InlineExecutorService.java:81)
	at java.base/java.util.concurrent.AbstractExecutorService.submit(AbstractExecutorService.java:145)
	at org.apache.catalina.core.ContainerBase.startInternal(ContainerBase.java:747)
	at org.apache.catalina.core.StandardHost.startInternal(StandardHost.java:783)
	at org.apache.catalina.util.LifecycleBase.start(LifecycleBase.java:164)
	at org.apache.catalina.core.ContainerBase$StartChild.call(ContainerBase.java:1201)
	at org.apache.catalina.core.ContainerBase$StartChild.call(ContainerBase.java:1191)
	at java.base/java.util.concurrent.FutureTask.run(FutureTask.java:317)
	at org.apache.tomcat.util.threads.InlineExecutorService.execute(InlineExecutorService.java:81)
	at java.base/java.util.concurrent.AbstractExecutorService.submit(AbstractExecutorService.java:145)
	at org.apache.catalina.core.ContainerBase.startInternal(ContainerBase.java:747)
	at org.apache.catalina.core.StandardEngine.startInternal(StandardEngine.java:201)
	at org.apache.catalina.util.LifecycleBase.start(LifecycleBase.java:164)
	at org.apache.catalina.core.StandardService.startInternal(StandardService.java:410)
	at org.apache.catalina.util.LifecycleBase.start(LifecycleBase.java:164)
	at org.apache.catalina.core.StandardServer.startInternal(StandardServer.java:868)
	at org.apache.catalina.util.LifecycleBase.start(LifecycleBase.java:164)
	at org.apache.catalina.startup.Tomcat.start(Tomcat.java:436)
	at org.springframework.boot.web.embedded.tomcat.TomcatWebServer.initialize(TomcatWebServer.java:128)
	at org.springframework.boot.web.embedded.tomcat.TomcatWebServer.<init>(TomcatWebServer.java:107)
	at org.springframework.boot.web.embedded.tomcat.TomcatServletWebServerFactory.getTomcatWebServer(TomcatServletWebServerFactory.java:517)
	at org.springframework.boot.web.embedded.tomcat.TomcatServletWebServerFactory.getWebServer(TomcatServletWebServerFactory.java:219)
	at org.springframework.boot.web.servlet.context.ServletWebServerApplicationContext.createWebServer(ServletWebServerApplicationContext.java:193)
	at org.springframework.boot.web.servlet.context.ServletWebServerApplicationContext.onRefresh(ServletWebServerApplicationContext.java:167)
	at org.springframework.context.support.AbstractApplicationContext.refresh(AbstractApplicationContext.java:622)
	at org.springframework.boot.web.servlet.context.ServletWebServerApplicationContext.refresh(ServletWebServerApplicationContext.java:146)
	at org.springframework.boot.SpringApplication.refresh(SpringApplication.java:752)
	at org.springframework.boot.SpringApplication.refreshContext(SpringApplication.java:439)
	at org.springframework.boot.SpringApplication.run(SpringApplication.java:318)
	at org.springframework.boot.SpringApplication.run(SpringApplication.java:1361)
	at org.springframework.boot.SpringApplication.run(SpringApplication.java:1350)
	at com.proj.webprojrct.WebprojrctApplication.main(WebprojrctApplication.java:10)
Caused by: com.mysql.cj.jdbc.exceptions.CommunicationsException: Communications link failure

The last packet sent successfully to the server was 0 milliseconds ago. The driver has not received any packets from the server.
	at com.mysql.cj.jdbc.exceptions.SQLError.createCommunicationsException(SQLError.java:174)
	at com.mysql.cj.jdbc.exceptions.SQLExceptionsMapping.translateException(SQLExceptionsMapping.java:64)
	at com.mysql.cj.jdbc.ConnectionImpl.createNewIO(ConnectionImpl.java:815)
	at com.mysql.cj.jdbc.ConnectionImpl.<init>(ConnectionImpl.java:438)
	at com.mysql.cj.jdbc.ConnectionImpl.getInstance(ConnectionImpl.java:241)
	at com.mysql.cj.jdbc.NonRegisteringDriver.connect(NonRegisteringDriver.java:189)
	at com.zaxxer.hikari.util.DriverDataSource.getConnection(DriverDataSource.java:144)
	at com.zaxxer.hikari.pool.PoolBase.newConnection(PoolBase.java:370)
	at com.zaxxer.hikari.pool.PoolBase.newPoolEntry(PoolBase.java:207)
	at com.zaxxer.hikari.pool.HikariPool.createPoolEntry(HikariPool.java:488)
	at com.zaxxer.hikari.pool.HikariPool.checkFailFast(HikariPool.java:576)
	at com.zaxxer.hikari.pool.HikariPool.<init>(HikariPool.java:97)
	at com.zaxxer.hikari.HikariDataSource.getConnection(HikariDataSource.java:111)
	at org.hibernate.engine.jdbc.connections.internal.DatasourceConnectionProviderImpl.getConnection(DatasourceConnectionProviderImpl.java:126)
	at org.hibernate.engine.jdbc.env.internal.JdbcEnvironmentInitiator$ConnectionProviderJdbcConnectionAccess.obtainConnection(JdbcEnvironmentInitiator.java:485)
	at org.hibernate.resource.transaction.backend.jdbc.internal.JdbcIsolationDelegate.delegateWork(JdbcIsolationDelegate.java:61)
	... 120 common frames omitted
Caused by: com.mysql.cj.exceptions.CJCommunicationsException: Communications link failure

The last packet sent successfully to the server was 0 milliseconds ago. The driver has not received any packets from the server.
	at java.base/jdk.internal.reflect.DirectConstructorHandleAccessor.newInstance(DirectConstructorHandleAccessor.java:62)
	at java.base/java.lang.reflect.Constructor.newInstanceWithCaller(Constructor.java:502)
	at java.base/java.lang.reflect.Constructor.newInstance(Constructor.java:486)
	at com.mysql.cj.exceptions.ExceptionFactory.createException(ExceptionFactory.java:61)
	at com.mysql.cj.exceptions.ExceptionFactory.createException(ExceptionFactory.java:104)
	at com.mysql.cj.exceptions.ExceptionFactory.createException(ExceptionFactory.java:149)
	at com.mysql.cj.exceptions.ExceptionFactory.createCommunicationsException(ExceptionFactory.java:165)
	at com.mysql.cj.protocol.a.NativeSocketConnection.connect(NativeSocketConnection.java:88)
	at com.mysql.cj.NativeSession.connect(NativeSession.java:120)
	at com.mysql.cj.jdbc.ConnectionImpl.connectOneTryOnly(ConnectionImpl.java:935)
	at com.mysql.cj.jdbc.ConnectionImpl.createNewIO(ConnectionImpl.java:805)
	... 133 common frames omitted
Caused by: java.net.ConnectException: Connection refused: no further information
	at java.base/sun.nio.ch.Net.pollConnect(Native Method)
	at java.base/sun.nio.ch.Net.pollConnectNow(Net.java:682)
	at java.base/sun.nio.ch.NioSocketImpl.timedFinishConnect(NioSocketImpl.java:542)
	at java.base/sun.nio.ch.NioSocketImpl.connect(NioSocketImpl.java:592)
	at java.base/java.net.SocksSocketImpl.connect(SocksSocketImpl.java:327)
	at java.base/java.net.Socket.connect(Socket.java:751)
	at com.mysql.cj.protocol.StandardSocketFactory.connect(StandardSocketFactory.java:153)
	at com.mysql.cj.protocol.a.NativeSocketConnection.connect(NativeSocketConnection.java:62)
	... 136 common frames omitted
2026-04-13 20:54:40.852 [main] WARN  org.hibernate.orm.deprecation - HHH90000025: MySQL8Dialect does not need to be specified explicitly using 'hibernate.dialect' (remove the property setting and it will be selected by default)
2026-04-13 20:54:40.853 [main] WARN  org.hibernate.orm.deprecation - HHH90000026: MySQL8Dialect has been deprecated; use org.hibernate.dialect.MySQLDialect instead
2026-04-13 20:54:40.870 [main] INFO  org.hibernate.orm.connections.pooling - HHH10001005: Database info:
	Database JDBC URL [Connecting through datasource 'HikariDataSource (null)']
	Database driver: undefined/unknown
	Database version: 8.0
	Autocommit mode: undefined/unknown
	Isolation level: undefined/unknown
	Minimum pool size: undefined/unknown
	Maximum pool size: undefined/unknown
2026-04-13 20:54:42.675 [main] INFO  o.h.e.t.j.p.i.JtaPlatformInitiator - HHH000489: No JTA platform available (set 'hibernate.transaction.jta.platform' to enable JTA platform integration)
2026-04-13 20:54:42.720 [main] INFO  com.zaxxer.hikari.HikariDataSource - HikariPool-1 - Starting...
2026-04-13 20:54:43.726 [main] WARN  o.h.engine.jdbc.spi.SqlExceptionHelper - SQL Error: 0, SQLState: 08S01
2026-04-13 20:54:43.726 [main] ERROR o.h.engine.jdbc.spi.SqlExceptionHelper - Communications link failure

The last packet sent successfully to the server was 0 milliseconds ago. The driver has not received any packets from the server.
2026-04-13 20:54:43.731 [main] ERROR o.s.o.j.LocalContainerEntityManagerFactoryBean - Failed to initialize JPA EntityManagerFactory: [PersistenceUnit: default] Unable to build Hibernate SessionFactory; nested exception is org.hibernate.exception.JDBCConnectionException: Unable to open JDBC Connection for DDL execution [Communications link failure

The last packet sent successfully to the server was 0 milliseconds ago. The driver has not received any packets from the server.] [n/a]
2026-04-13 20:54:43.732 [main] ERROR o.s.b.web.embedded.tomcat.TomcatStarter - Error starting Tomcat context. Exception: org.springframework.beans.factory.UnsatisfiedDependencyException. Message: Error creating bean with name 'jwtAuthenticationFilter' defined in file [C:\Users\kietc\java\ATUDW_FINAL\target\classes\com\proj\webprojrct\common\config\security\JwtAuthenticationFilter.class]: Unsatisfied dependency expressed through constructor parameter 1: Error creating bean with name 'customUserDetailsService' defined in file [C:\Users\kietc\java\ATUDW_FINAL\target\classes\com\proj\webprojrct\common\config\security\CustomUserDetailsService.class]: Unsatisfied dependency expressed through constructor parameter 0: Error creating bean with name 'userRepository' defined in com.proj.webprojrct.user.repository.UserRepository defined in @EnableJpaRepositories declared on JpaRepositoriesRegistrar.EnableJpaRepositoriesConfiguration: Cannot resolve reference to bean 'jpaSharedEM_entityManagerFactory' while setting bean property 'entityManager'
2026-04-13 20:54:43.774 [main] INFO  o.apache.catalina.core.StandardService - Stopping service [Tomcat]
2026-04-13 20:54:43.778 [main] WARN  o.s.b.w.s.c.AnnotationConfigServletWebServerApplicationContext - Exception encountered during context initialization - cancelling refresh attempt: org.springframework.context.ApplicationContextException: Unable to start web server
2026-04-13 20:54:43.793 [main] INFO  o.s.b.a.l.ConditionEvaluationReportLogger - 

Error starting ApplicationContext. To display the condition evaluation report re-run your application with 'debug' enabled.
2026-04-13 20:54:43.816 [main] ERROR o.springframework.boot.SpringApplication - Application run failed
org.springframework.context.ApplicationContextException: Unable to start web server
	at org.springframework.boot.web.servlet.context.ServletWebServerApplicationContext.onRefresh(ServletWebServerApplicationContext.java:170)
	at org.springframework.context.support.AbstractApplicationContext.refresh(AbstractApplicationContext.java:622)
	at org.springframework.boot.web.servlet.context.ServletWebServerApplicationContext.refresh(ServletWebServerApplicationContext.java:146)
	at org.springframework.boot.SpringApplication.refresh(SpringApplication.java:752)
	at org.springframework.boot.SpringApplication.refreshContext(SpringApplication.java:439)
	at org.springframework.boot.SpringApplication.run(SpringApplication.java:318)
	at org.springframework.boot.SpringApplication.run(SpringApplication.java:1361)
	at org.springframework.boot.SpringApplication.run(SpringApplication.java:1350)
	at com.proj.webprojrct.WebprojrctApplication.main(WebprojrctApplication.java:10)
Caused by: org.springframework.boot.web.server.WebServerException: Unable to start embedded Tomcat
	at org.springframework.boot.web.embedded.tomcat.TomcatWebServer.initialize(TomcatWebServer.java:147)
	at org.springframework.boot.web.embedded.tomcat.TomcatWebServer.<init>(TomcatWebServer.java:107)
	at org.springframework.boot.web.embedded.tomcat.TomcatServletWebServerFactory.getTomcatWebServer(TomcatServletWebServerFactory.java:517)
	at org.springframework.boot.web.embedded.tomcat.TomcatServletWebServerFactory.getWebServer(TomcatServletWebServerFactory.java:219)
	at org.springframework.boot.web.servlet.context.ServletWebServerApplicationContext.createWebServer(ServletWebServerApplicationContext.java:193)
	at org.springframework.boot.web.servlet.context.ServletWebServerApplicationContext.onRefresh(ServletWebServerApplicationContext.java:167)
	... 8 common frames omitted
Caused by: org.springframework.beans.factory.UnsatisfiedDependencyException: Error creating bean with name 'jwtAuthenticationFilter' defined in file [C:\Users\kietc\java\ATUDW_FINAL\target\classes\com\proj\webprojrct\common\config\security\JwtAuthenticationFilter.class]: Unsatisfied dependency expressed through constructor parameter 1: Error creating bean with name 'customUserDetailsService' defined in file [C:\Users\kietc\java\ATUDW_FINAL\target\classes\com\proj\webprojrct\common\config\security\CustomUserDetailsService.class]: Unsatisfied dependency expressed through constructor parameter 0: Error creating bean with name 'userRepository' defined in com.proj.webprojrct.user.repository.UserRepository defined in @EnableJpaRepositories declared on JpaRepositoriesRegistrar.EnableJpaRepositoriesConfiguration: Cannot resolve reference to bean 'jpaSharedEM_entityManagerFactory' while setting bean property 'entityManager'
	at org.springframework.beans.factory.support.ConstructorResolver.createArgumentArray(ConstructorResolver.java:804)
	at org.springframework.beans.factory.support.ConstructorResolver.autowireConstructor(ConstructorResolver.java:240)
	at org.springframework.beans.factory.support.AbstractAutowireCapableBeanFactory.autowireConstructor(AbstractAutowireCapableBeanFactory.java:1395)
	at org.springframework.beans.factory.support.AbstractAutowireCapableBeanFactory.createBeanInstance(AbstractAutowireCapableBeanFactory.java:1232)
	at org.springframework.beans.factory.support.AbstractAutowireCapableBeanFactory.doCreateBean(AbstractAutowireCapableBeanFactory.java:569)
	at org.springframework.beans.factory.support.AbstractAutowireCapableBeanFactory.createBean(AbstractAutowireCapableBeanFactory.java:529)
	at org.springframework.beans.factory.support.AbstractBeanFactory.lambda$doGetBean$0(AbstractBeanFactory.java:339)
	at org.springframework.beans.factory.support.DefaultSingletonBeanRegistry.getSingleton(DefaultSingletonBeanRegistry.java:373)
	at org.springframework.beans.factory.support.AbstractBeanFactory.doGetBean(AbstractBeanFactory.java:337)
	at org.springframework.beans.factory.support.AbstractBeanFactory.getBean(AbstractBeanFactory.java:207)
	at org.springframework.boot.web.servlet.ServletContextInitializerBeans.getOrderedBeansOfType(ServletContextInitializerBeans.java:230)
	at org.springframework.boot.web.servlet.ServletContextInitializerBeans.addAsRegistrationBean(ServletContextInitializerBeans.java:184)
	at org.springframework.boot.web.servlet.ServletContextInitializerBeans.addAsRegistrationBean(ServletContextInitializerBeans.java:179)
	at org.springframework.boot.web.servlet.ServletContextInitializerBeans.addAdaptableBeans(ServletContextInitializerBeans.java:164)
	at org.springframework.boot.web.servlet.ServletContextInitializerBeans.<init>(ServletContextInitializerBeans.java:96)
	at org.springframework.boot.web.servlet.context.ServletWebServerApplicationContext.getServletContextInitializerBeans(ServletWebServerApplicationContext.java:271)
	at org.springframework.boot.web.servlet.context.ServletWebServerApplicationContext.selfInitialize(ServletWebServerApplicationContext.java:245)
	at org.springframework.boot.web.embedded.tomcat.TomcatStarter.onStartup(TomcatStarter.java:52)
	at org.apache.catalina.core.StandardContext.startInternal(StandardContext.java:4452)
	at org.apache.catalina.util.LifecycleBase.start(LifecycleBase.java:164)
	at org.apache.catalina.core.ContainerBase$StartChild.call(ContainerBase.java:1201)
	at org.apache.catalina.core.ContainerBase$StartChild.call(ContainerBase.java:1191)
	at java.base/java.util.concurrent.FutureTask.run(FutureTask.java:317)
	at org.apache.tomcat.util.threads.InlineExecutorService.execute(InlineExecutorService.java:81)
	at java.base/java.util.concurrent.AbstractExecutorService.submit(AbstractExecutorService.java:145)
	at org.apache.catalina.core.ContainerBase.startInternal(ContainerBase.java:747)
	at org.apache.catalina.core.StandardHost.startInternal(StandardHost.java:783)
	at org.apache.catalina.util.LifecycleBase.start(LifecycleBase.java:164)
	at org.apache.catalina.core.ContainerBase$StartChild.call(ContainerBase.java:1201)
	at org.apache.catalina.core.ContainerBase$StartChild.call(ContainerBase.java:1191)
	at java.base/java.util.concurrent.FutureTask.run(FutureTask.java:317)
	at org.apache.tomcat.util.threads.InlineExecutorService.execute(InlineExecutorService.java:81)
	at java.base/java.util.concurrent.AbstractExecutorService.submit(AbstractExecutorService.java:145)
	at org.apache.catalina.core.ContainerBase.startInternal(ContainerBase.java:747)
	at org.apache.catalina.core.StandardEngine.startInternal(StandardEngine.java:201)
	at org.apache.catalina.util.LifecycleBase.start(LifecycleBase.java:164)
	at org.apache.catalina.core.StandardService.startInternal(StandardService.java:410)
	at org.apache.catalina.util.LifecycleBase.start(LifecycleBase.java:164)
	at org.apache.catalina.core.StandardServer.startInternal(StandardServer.java:868)
	at org.apache.catalina.util.LifecycleBase.start(LifecycleBase.java:164)
	at org.apache.catalina.startup.Tomcat.start(Tomcat.java:436)
	at org.springframework.boot.web.embedded.tomcat.TomcatWebServer.initialize(TomcatWebServer.java:128)
	... 13 common frames omitted
Caused by: org.springframework.beans.factory.UnsatisfiedDependencyException: Error creating bean with name 'customUserDetailsService' defined in file [C:\Users\kietc\java\ATUDW_FINAL\target\classes\com\proj\webprojrct\common\config\security\CustomUserDetailsService.class]: Unsatisfied dependency expressed through constructor parameter 0: Error creating bean with name 'userRepository' defined in com.proj.webprojrct.user.repository.UserRepository defined in @EnableJpaRepositories declared on JpaRepositoriesRegistrar.EnableJpaRepositoriesConfiguration: Cannot resolve reference to bean 'jpaSharedEM_entityManagerFactory' while setting bean property 'entityManager'
	at org.springframework.beans.factory.support.ConstructorResolver.createArgumentArray(ConstructorResolver.java:804)
	at org.springframework.beans.factory.support.ConstructorResolver.autowireConstructor(ConstructorResolver.java:240)
	at org.springframework.beans.factory.support.AbstractAutowireCapableBeanFactory.autowireConstructor(AbstractAutowireCapableBeanFactory.java:1395)
	at org.springframework.beans.factory.support.AbstractAutowireCapableBeanFactory.createBeanInstance(AbstractAutowireCapableBeanFactory.java:1232)
	at org.springframework.beans.factory.support.AbstractAutowireCapableBeanFactory.doCreateBean(AbstractAutowireCapableBeanFactory.java:569)
	at org.springframework.beans.factory.support.AbstractAutowireCapableBeanFactory.createBean(AbstractAutowireCapableBeanFactory.java:529)
	at org.springframework.beans.factory.support.AbstractBeanFactory.lambda$doGetBean$0(AbstractBeanFactory.java:339)
	at org.springframework.beans.factory.support.DefaultSingletonBeanRegistry.getSingleton(DefaultSingletonBeanRegistry.java:373)
	at org.springframework.beans.factory.support.AbstractBeanFactory.doGetBean(AbstractBeanFactory.java:337)
	at org.springframework.beans.factory.support.AbstractBeanFactory.getBean(AbstractBeanFactory.java:202)
	at org.springframework.beans.factory.config.DependencyDescriptor.resolveCandidate(DependencyDescriptor.java:254)
	at org.springframework.beans.factory.support.DefaultListableBeanFactory.doResolveDependency(DefaultListableBeanFactory.java:1770)
	at org.springframework.beans.factory.support.DefaultListableBeanFactory.resolveDependency(DefaultListableBeanFactory.java:1653)
	at org.springframework.beans.factory.support.ConstructorResolver.resolveAutowiredArgument(ConstructorResolver.java:913)
	at org.springframework.beans.factory.support.ConstructorResolver.createArgumentArray(ConstructorResolver.java:791)
	... 54 common frames omitted
Caused by: org.springframework.beans.factory.BeanCreationException: Error creating bean with name 'userRepository' defined in com.proj.webprojrct.user.repository.UserRepository defined in @EnableJpaRepositories declared on JpaRepositoriesRegistrar.EnableJpaRepositoriesConfiguration: Cannot resolve reference to bean 'jpaSharedEM_entityManagerFactory' while setting bean property 'entityManager'
	at org.springframework.beans.factory.support.BeanDefinitionValueResolver.resolveReference(BeanDefinitionValueResolver.java:377)
	at org.springframework.beans.factory.support.BeanDefinitionValueResolver.resolveValueIfNecessary(BeanDefinitionValueResolver.java:135)
	at org.springframework.beans.factory.support.AbstractAutowireCapableBeanFactory.applyPropertyValues(AbstractAutowireCapableBeanFactory.java:1725)
	at org.springframework.beans.factory.support.AbstractAutowireCapableBeanFactory.populateBean(AbstractAutowireCapableBeanFactory.java:1474)
	at org.springframework.beans.factory.support.AbstractAutowireCapableBeanFactory.doCreateBean(AbstractAutowireCapableBeanFactory.java:606)
	at org.springframework.beans.factory.support.AbstractAutowireCapableBeanFactory.createBean(AbstractAutowireCapableBeanFactory.java:529)
	at org.springframework.beans.factory.support.AbstractBeanFactory.lambda$doGetBean$0(AbstractBeanFactory.java:339)
	at org.springframework.beans.factory.support.DefaultSingletonBeanRegistry.getSingleton(DefaultSingletonBeanRegistry.java:373)
	at org.springframework.beans.factory.support.AbstractBeanFactory.doGetBean(AbstractBeanFactory.java:337)
	at org.springframework.beans.factory.support.AbstractBeanFactory.getBean(AbstractBeanFactory.java:202)
	at org.springframework.beans.factory.support.DefaultListableBeanFactory.doResolveDependency(DefaultListableBeanFactory.java:1708)
	at org.springframework.beans.factory.support.DefaultListableBeanFactory.resolveDependency(DefaultListableBeanFactory.java:1653)
	at org.springframework.beans.factory.support.ConstructorResolver.resolveAutowiredArgument(ConstructorResolver.java:913)
	at org.springframework.beans.factory.support.ConstructorResolver.createArgumentArray(ConstructorResolver.java:791)
	... 68 common frames omitted
Caused by: org.springframework.beans.factory.BeanCreationException: Error creating bean with name 'jpaSharedEM_entityManagerFactory': Cannot resolve reference to bean 'entityManagerFactory' while setting constructor argument
	at org.springframework.beans.factory.support.BeanDefinitionValueResolver.resolveReference(BeanDefinitionValueResolver.java:377)
	at org.springframework.beans.factory.support.BeanDefinitionValueResolver.resolveValueIfNecessary(BeanDefinitionValueResolver.java:135)
	at org.springframework.beans.factory.support.ConstructorResolver.resolveConstructorArguments(ConstructorResolver.java:691)
	at org.springframework.beans.factory.support.ConstructorResolver.instantiateUsingFactoryMethod(ConstructorResolver.java:513)
	at org.springframework.beans.factory.support.AbstractAutowireCapableBeanFactory.instantiateUsingFactoryMethod(AbstractAutowireCapableBeanFactory.java:1375)
	at org.springframework.beans.factory.support.AbstractAutowireCapableBeanFactory.createBeanInstance(AbstractAutowireCapableBeanFactory.java:1205)
	at org.springframework.beans.factory.support.AbstractAutowireCapableBeanFactory.doCreateBean(AbstractAutowireCapableBeanFactory.java:569)
	at org.springframework.beans.factory.support.AbstractAutowireCapableBeanFactory.createBean(AbstractAutowireCapableBeanFactory.java:529)
	at org.springframework.beans.factory.support.AbstractBeanFactory.lambda$doGetBean$0(AbstractBeanFactory.java:339)
	at org.springframework.beans.factory.support.DefaultSingletonBeanRegistry.getSingleton(DefaultSingletonBeanRegistry.java:373)
	at org.springframework.beans.factory.support.AbstractBeanFactory.doGetBean(AbstractBeanFactory.java:337)
	at org.springframework.beans.factory.support.AbstractBeanFactory.getBean(AbstractBeanFactory.java:202)
	at org.springframework.beans.factory.support.BeanDefinitionValueResolver.resolveReference(BeanDefinitionValueResolver.java:365)
	... 81 common frames omitted
Caused by: org.springframework.beans.factory.BeanCreationException: Error creating bean with name 'entityManagerFactory' defined in class path resource [org/springframework/boot/autoconfigure/orm/jpa/HibernateJpaConfiguration.class]: [PersistenceUnit: default] Unable to build Hibernate SessionFactory; nested exception is org.hibernate.exception.JDBCConnectionException: Unable to open JDBC Connection for DDL execution [Communications link failure

The last packet sent successfully to the server was 0 milliseconds ago. The driver has not received any packets from the server.] [n/a]
	at org.springframework.beans.factory.support.AbstractAutowireCapableBeanFactory.initializeBean(AbstractAutowireCapableBeanFactory.java:1826)
	at org.springframework.beans.factory.support.AbstractAutowireCapableBeanFactory.doCreateBean(AbstractAutowireCapableBeanFactory.java:607)
	at org.springframework.beans.factory.support.AbstractAutowireCapableBeanFactory.createBean(AbstractAutowireCapableBeanFactory.java:529)
	at org.springframework.beans.factory.support.AbstractBeanFactory.lambda$doGetBean$0(AbstractBeanFactory.java:339)
	at org.springframework.beans.factory.support.DefaultSingletonBeanRegistry.getSingleton(DefaultSingletonBeanRegistry.java:373)
	at org.springframework.beans.factory.support.AbstractBeanFactory.doGetBean(AbstractBeanFactory.java:337)
	at org.springframework.beans.factory.support.AbstractBeanFactory.getBean(AbstractBeanFactory.java:202)
	at org.springframework.beans.factory.support.BeanDefinitionValueResolver.resolveReference(BeanDefinitionValueResolver.java:365)
	... 93 common frames omitted
Caused by: jakarta.persistence.PersistenceException: [PersistenceUnit: default] Unable to build Hibernate SessionFactory; nested exception is org.hibernate.exception.JDBCConnectionException: Unable to open JDBC Connection for DDL execution [Communications link failure

The last packet sent successfully to the server was 0 milliseconds ago. The driver has not received any packets from the server.] [n/a]
	at org.springframework.orm.jpa.AbstractEntityManagerFactoryBean.buildNativeEntityManagerFactory(AbstractEntityManagerFactoryBean.java:431)
	at org.springframework.orm.jpa.AbstractEntityManagerFactoryBean.afterPropertiesSet(AbstractEntityManagerFactoryBean.java:400)
	at org.springframework.orm.jpa.LocalContainerEntityManagerFactoryBean.afterPropertiesSet(LocalContainerEntityManagerFactoryBean.java:364)
	at org.springframework.beans.factory.support.AbstractAutowireCapableBeanFactory.invokeInitMethods(AbstractAutowireCapableBeanFactory.java:1873)
	at org.springframework.beans.factory.support.AbstractAutowireCapableBeanFactory.initializeBean(AbstractAutowireCapableBeanFactory.java:1822)
	... 100 common frames omitted
Caused by: org.hibernate.exception.JDBCConnectionException: Unable to open JDBC Connection for DDL execution [Communications link failure

The last packet sent successfully to the server was 0 milliseconds ago. The driver has not received any packets from the server.] [n/a]
	at org.hibernate.exception.internal.SQLStateConversionDelegate.convert(SQLStateConversionDelegate.java:100)
	at org.hibernate.exception.internal.StandardSQLExceptionConverter.convert(StandardSQLExceptionConverter.java:58)
	at org.hibernate.engine.jdbc.spi.SqlExceptionHelper.convert(SqlExceptionHelper.java:108)
	at org.hibernate.engine.jdbc.spi.SqlExceptionHelper.convert(SqlExceptionHelper.java:94)
	at org.hibernate.resource.transaction.backend.jdbc.internal.DdlTransactionIsolatorNonJtaImpl.getIsolatedConnection(DdlTransactionIsolatorNonJtaImpl.java:74)
	at org.hibernate.resource.transaction.backend.jdbc.internal.DdlTransactionIsolatorNonJtaImpl.getIsolatedConnection(DdlTransactionIsolatorNonJtaImpl.java:39)
	at org.hibernate.tool.schema.internal.exec.ImprovedExtractionContextImpl.getJdbcConnection(ImprovedExtractionContextImpl.java:63)
	at org.hibernate.tool.schema.internal.exec.ImprovedExtractionContextImpl.getJdbcDatabaseMetaData(ImprovedExtractionContextImpl.java:70)
	at org.hibernate.tool.schema.extract.internal.InformationExtractorJdbcDatabaseMetaDataImpl.processTableResultSet(InformationExtractorJdbcDatabaseMetaDataImpl.java:65)
	at org.hibernate.tool.schema.extract.internal.AbstractInformationExtractorImpl.getTables(AbstractInformationExtractorImpl.java:570)
	at org.hibernate.tool.schema.extract.internal.DatabaseInformationImpl.getTablesInformation(DatabaseInformationImpl.java:122)
	at org.hibernate.tool.schema.internal.GroupedSchemaMigratorImpl.performTablesMigration(GroupedSchemaMigratorImpl.java:72)
	at org.hibernate.tool.schema.internal.AbstractSchemaMigrator.performMigration(AbstractSchemaMigrator.java:233)
	at org.hibernate.tool.schema.internal.AbstractSchemaMigrator.doMigration(AbstractSchemaMigrator.java:112)
	at org.hibernate.tool.schema.spi.SchemaManagementToolCoordinator.performDatabaseAction(SchemaManagementToolCoordinator.java:280)
	at org.hibernate.tool.schema.spi.SchemaManagementToolCoordinator.lambda$process$5(SchemaManagementToolCoordinator.java:144)
	at java.base/java.util.HashMap.forEach(HashMap.java:1429)
	at org.hibernate.tool.schema.spi.SchemaManagementToolCoordinator.process(SchemaManagementToolCoordinator.java:141)
	at org.hibernate.boot.internal.SessionFactoryObserverForSchemaExport.sessionFactoryCreated(SessionFactoryObserverForSchemaExport.java:37)
	at org.hibernate.internal.SessionFactoryObserverChain.sessionFactoryCreated(SessionFactoryObserverChain.java:35)
	at org.hibernate.internal.SessionFactoryImpl.<init>(SessionFactoryImpl.java:324)
	at org.hibernate.boot.internal.SessionFactoryBuilderImpl.build(SessionFactoryBuilderImpl.java:463)
	at org.hibernate.jpa.boot.internal.EntityManagerFactoryBuilderImpl.build(EntityManagerFactoryBuilderImpl.java:1517)
	at org.springframework.orm.jpa.vendor.SpringHibernateJpaPersistenceProvider.createContainerEntityManagerFactory(SpringHibernateJpaPersistenceProvider.java:66)
	at org.springframework.orm.jpa.LocalContainerEntityManagerFactoryBean.createNativeEntityManagerFactory(LocalContainerEntityManagerFactoryBean.java:388)
	at org.springframework.orm.jpa.AbstractEntityManagerFactoryBean.buildNativeEntityManagerFactory(AbstractEntityManagerFactoryBean.java:419)
	... 104 common frames omitted
Caused by: com.mysql.cj.jdbc.exceptions.CommunicationsException: Communications link failure

The last packet sent successfully to the server was 0 milliseconds ago. The driver has not received any packets from the server.
	at com.mysql.cj.jdbc.exceptions.SQLError.createCommunicationsException(SQLError.java:174)
	at com.mysql.cj.jdbc.exceptions.SQLExceptionsMapping.translateException(SQLExceptionsMapping.java:64)
	at com.mysql.cj.jdbc.ConnectionImpl.createNewIO(ConnectionImpl.java:815)
	at com.mysql.cj.jdbc.ConnectionImpl.<init>(ConnectionImpl.java:438)
	at com.mysql.cj.jdbc.ConnectionImpl.getInstance(ConnectionImpl.java:241)
	at com.mysql.cj.jdbc.NonRegisteringDriver.connect(NonRegisteringDriver.java:189)
	at com.zaxxer.hikari.util.DriverDataSource.getConnection(DriverDataSource.java:144)
	at com.zaxxer.hikari.pool.PoolBase.newConnection(PoolBase.java:370)
	at com.zaxxer.hikari.pool.PoolBase.newPoolEntry(PoolBase.java:207)
	at com.zaxxer.hikari.pool.HikariPool.createPoolEntry(HikariPool.java:488)
	at com.zaxxer.hikari.pool.HikariPool.checkFailFast(HikariPool.java:576)
	at com.zaxxer.hikari.pool.HikariPool.<init>(HikariPool.java:97)
	at com.zaxxer.hikari.HikariDataSource.getConnection(HikariDataSource.java:111)
	at org.hibernate.engine.jdbc.connections.internal.DatasourceConnectionProviderImpl.getConnection(DatasourceConnectionProviderImpl.java:126)
	at org.hibernate.engine.jdbc.env.internal.JdbcEnvironmentInitiator$ConnectionProviderJdbcConnectionAccess.obtainConnection(JdbcEnvironmentInitiator.java:485)
	at org.hibernate.resource.transaction.backend.jdbc.internal.DdlTransactionIsolatorNonJtaImpl.getIsolatedConnection(DdlTransactionIsolatorNonJtaImpl.java:46)
	... 125 common frames omitted
Caused by: com.mysql.cj.exceptions.CJCommunicationsException: Communications link failure

The last packet sent successfully to the server was 0 milliseconds ago. The driver has not received any packets from the server.
	at java.base/jdk.internal.reflect.DirectConstructorHandleAccessor.newInstance(DirectConstructorHandleAccessor.java:62)
	at java.base/java.lang.reflect.Constructor.newInstanceWithCaller(Constructor.java:502)
	at java.base/java.lang.reflect.Constructor.newInstance(Constructor.java:486)
	at com.mysql.cj.exceptions.ExceptionFactory.createException(ExceptionFactory.java:61)
	at com.mysql.cj.exceptions.ExceptionFactory.createException(ExceptionFactory.java:104)
	at com.mysql.cj.exceptions.ExceptionFactory.createException(ExceptionFactory.java:149)
	at com.mysql.cj.exceptions.ExceptionFactory.createCommunicationsException(ExceptionFactory.java:165)
	at com.mysql.cj.protocol.a.NativeSocketConnection.connect(NativeSocketConnection.java:88)
	at com.mysql.cj.NativeSession.connect(NativeSession.java:120)
	at com.mysql.cj.jdbc.ConnectionImpl.connectOneTryOnly(ConnectionImpl.java:935)
	at com.mysql.cj.jdbc.ConnectionImpl.createNewIO(ConnectionImpl.java:805)
	... 138 common frames omitted
Caused by: java.net.ConnectException: Connection refused: no further information
	at java.base/sun.nio.ch.Net.pollConnect(Native Method)
	at java.base/sun.nio.ch.Net.pollConnectNow(Net.java:682)
	at java.base/sun.nio.ch.NioSocketImpl.timedFinishConnect(NioSocketImpl.java:542)
	at java.base/sun.nio.ch.NioSocketImpl.connect(NioSocketImpl.java:592)
	at java.base/java.net.SocksSocketImpl.connect(SocksSocketImpl.java:327)
	at java.base/java.net.Socket.connect(Socket.java:751)
	at com.mysql.cj.protocol.StandardSocketFactory.connect(StandardSocketFactory.java:153)
	at com.mysql.cj.protocol.a.NativeSocketConnection.connect(NativeSocketConnection.java:62)
	... 141 common frames omitted
2026-04-13 20:55:32.639 [background-preinit] INFO  o.h.validator.internal.util.Version - HV000001: Hibernate Validator 8.0.3.Final
2026-04-13 20:55:32.686 [main] INFO  c.proj.webprojrct.WebprojrctApplication - Starting WebprojrctApplication using Java 21 with PID 20148 (C:\Users\kietc\java\ATUDW_FINAL\target\classes started by kietc in C:\Users\kietc\java\ATUDW_FINAL)
2026-04-13 20:55:32.687 [main] INFO  c.proj.webprojrct.WebprojrctApplication - No active profile set, falling back to 1 default profile: "default"
2026-04-13 20:55:33.930 [main] INFO  o.s.d.r.c.RepositoryConfigurationDelegate - Bootstrapping Spring Data JPA repositories in DEFAULT mode.
2026-04-13 20:55:34.073 [main] INFO  o.s.d.r.c.RepositoryConfigurationDelegate - Finished Spring Data repository scanning in 135 ms. Found 19 JPA repository interfaces.
2026-04-13 20:55:34.721 [main] INFO  o.s.b.w.embedded.tomcat.TomcatWebServer - Tomcat initialized with port 8080 (https)
2026-04-13 20:55:34.731 [main] INFO  o.apache.coyote.http11.Http11NioProtocol - Initializing ProtocolHandler ["https-jsse-nio-8080"]
2026-04-13 20:55:34.734 [main] INFO  o.apache.catalina.core.StandardService - Starting service [Tomcat]
2026-04-13 20:55:34.735 [main] INFO  org.apache.catalina.core.StandardEngine - Starting Servlet engine: [Apache Tomcat/10.1.54]
2026-04-13 20:55:34.956 [main] INFO  org.apache.jasper.servlet.TldScanner - At least one JAR was scanned for TLDs yet contained no TLDs. Enable debug logging for this logger for a complete list of JARs that were scanned but no TLDs were found in them. Skipping unneeded JARs during scanning can improve startup time and JSP compilation time.
2026-04-13 20:55:34.962 [main] INFO  o.a.c.c.C.[Tomcat].[localhost].[/] - Initializing Spring embedded WebApplicationContext
2026-04-13 20:55:34.962 [main] INFO  o.s.b.w.s.c.ServletWebServerApplicationContext - Root WebApplicationContext: initialization completed in 2221 ms
2026-04-13 20:55:35.094 [main] INFO  com.zaxxer.hikari.HikariDataSource - HikariPool-1 - Starting...
2026-04-13 20:55:35.259 [main] INFO  com.zaxxer.hikari.pool.HikariPool - HikariPool-1 - Added connection com.mysql.cj.jdbc.ConnectionImpl@520c3dcb
2026-04-13 20:55:35.260 [main] INFO  com.zaxxer.hikari.HikariDataSource - HikariPool-1 - Start completed.
2026-04-13 20:55:35.334 [main] INFO  o.hibernate.jpa.internal.util.LogHelper - HHH000204: Processing PersistenceUnitInfo [name: default]
2026-04-13 20:55:35.374 [main] INFO  org.hibernate.Version - HHH000412: Hibernate ORM core version 6.6.44.Final
2026-04-13 20:55:35.401 [main] INFO  o.h.c.internal.RegionFactoryInitiator - HHH000026: Second-level cache disabled
2026-04-13 20:55:35.662 [main] INFO  o.s.o.j.p.SpringPersistenceUnitInfo - No LoadTimeWeaver setup: ignoring JPA class transformer
2026-04-13 20:55:35.757 [main] WARN  org.hibernate.orm.deprecation - HHH90000025: MySQL8Dialect does not need to be specified explicitly using 'hibernate.dialect' (remove the property setting and it will be selected by default)
2026-04-13 20:55:35.758 [main] WARN  org.hibernate.orm.deprecation - HHH90000026: MySQL8Dialect has been deprecated; use org.hibernate.dialect.MySQLDialect instead
2026-04-13 20:55:35.771 [main] INFO  org.hibernate.orm.connections.pooling - HHH10001005: Database info:
	Database JDBC URL [Connecting through datasource 'HikariDataSource (HikariPool-1)']
	Database driver: undefined/unknown
	Database version: 8.0
	Autocommit mode: undefined/unknown
	Isolation level: undefined/unknown
	Minimum pool size: undefined/unknown
	Maximum pool size: undefined/unknown
2026-04-13 20:55:36.874 [main] INFO  o.h.e.t.j.p.i.JtaPlatformInitiator - HHH000489: No JTA platform available (set 'hibernate.transaction.jta.platform' to enable JTA platform integration)
2026-04-13 20:55:37.085 [main] INFO  o.s.o.j.LocalContainerEntityManagerFactoryBean - Initialized JPA EntityManagerFactory for persistence unit 'default'
2026-04-13 20:55:37.412 [main] INFO  o.s.config.ConfigurableSiteMeshFilter - SiteMesh 3.2.1 initialized with filter name 'sitemeshFilter'
2026-04-13 20:55:37.477 [main] INFO  o.s.d.j.r.query.QueryEnhancerFactory - Hibernate is in classpath; If applicable, HQL parser will be used.
2026-04-13 20:55:38.234 [main] WARN  o.s.s.c.a.a.c.InitializeUserDetailsBeanManagerConfigurer$InitializeUserDetailsManagerConfigurer - Global AuthenticationManager configured with an AuthenticationProvider bean. UserDetailsService beans will not be used by Spring Security for automatically configuring username/password login. Consider removing the AuthenticationProvider bean. Alternatively, consider using the UserDetailsService in a manually instantiated DaoAuthenticationProvider. If the current configuration is intentional, to turn off this warning, increase the logging level of 'org.springframework.security.config.annotation.authentication.configuration.InitializeUserDetailsBeanManagerConfigurer' to ERROR
2026-04-13 20:55:38.675 [main] WARN  o.s.b.a.o.j.JpaBaseConfiguration$JpaWebConfiguration - spring.jpa.open-in-view is enabled by default. Therefore, database queries may be performed during view rendering. Explicitly configure spring.jpa.open-in-view to disable this warning
2026-04-13 20:55:39.047 [main] INFO  o.s.b.a.e.web.EndpointLinksResolver - Exposing 1 endpoint beneath base path '/actuator'
2026-04-13 20:55:39.745 [main] INFO  o.s.m.s.b.SimpleBrokerMessageHandler - Starting...
2026-04-13 20:55:39.746 [main] INFO  o.s.m.s.b.SimpleBrokerMessageHandler - BrokerAvailabilityEvent[available=true, SimpleBrokerMessageHandler [org.springframework.messaging.simp.broker.DefaultSubscriptionRegistry@5ffe5b7d]]
2026-04-13 20:55:39.748 [main] INFO  o.s.m.s.b.SimpleBrokerMessageHandler - Started.
2026-04-13 20:55:39.748 [main] INFO  o.apache.coyote.http11.Http11NioProtocol - Starting ProtocolHandler ["https-jsse-nio-8080"]
2026-04-13 20:55:39.990 [main] INFO  o.a.t.util.net.NioEndpoint.certificate - Connector [https-jsse-nio-8080], TLS virtual host [_default_], certificate type [UNDEFINED] configured from keystore [Set directly - location unknown] using alias [springboot] with trust store [null]
2026-04-13 20:55:40.017 [main] INFO  o.s.b.w.embedded.tomcat.TomcatWebServer - Tomcat started on port 8080 (https) with context path '/'
2026-04-13 20:55:40.032 [main] INFO  c.proj.webprojrct.WebprojrctApplication - Started WebprojrctApplication in 7.896 seconds (process running for 8.277)
2026-04-13 20:56:00.698 [https-jsse-nio-8080-exec-10] INFO  o.a.c.c.C.[Tomcat].[localhost].[/] - Initializing Spring DispatcherServlet 'dispatcherServlet'
2026-04-13 20:56:00.699 [https-jsse-nio-8080-exec-10] INFO  o.s.web.servlet.DispatcherServlet - Initializing Servlet 'dispatcherServlet'
2026-04-13 20:56:00.702 [https-jsse-nio-8080-exec-10] INFO  o.s.web.servlet.DispatcherServlet - Completed initialization in 3 ms
2026-04-13 20:56:39.716 [MessageBroker-1] INFO  o.s.w.s.c.WebSocketMessageBrokerStats - WebSocketSession[0 current WS(0)-HttpStream(0)-HttpPoll(0), 0 total, 0 closed abnormally (0 connect failure, 0 send limit, 0 transport error)], stompSubProtocol[processed CONNECT(0)-CONNECTED(0)-DISCONNECT(0)], stompBrokerRelay[null], inboundChannel[pool size = 0, active threads = 0, queued tasks = 0, completed tasks = 0], outboundChannel[pool size = 0, active threads = 0, queued tasks = 0, completed tasks = 0], sockJsScheduler[pool size = 1, active threads = 1, queued tasks = 0, completed tasks = 0]
2026-04-13 21:07:00.153 [https-jsse-nio-8080-exec-52] WARN  o.h.engine.jdbc.spi.SqlExceptionHelper - SQL Error: 0, SQLState: null
2026-04-13 21:07:00.265 [https-jsse-nio-8080-exec-52] ERROR o.h.engine.jdbc.spi.SqlExceptionHelper - HikariPool-1 - Connection is not available, request timed out after 30102ms (total=10, active=10, idle=0, waiting=81)
2026-04-13 21:07:30.525 [https-jsse-nio-8080-exec-52] WARN  o.h.engine.jdbc.spi.SqlExceptionHelper - SQL Error: 0, SQLState: null
2026-04-13 21:07:30.529 [https-jsse-nio-8080-exec-52] ERROR o.h.engine.jdbc.spi.SqlExceptionHelper - HikariPool-1 - Connection is not available, request timed out after 30013ms (total=10, active=10, idle=0, waiting=106)
2026-04-13 21:07:32.116 [https-jsse-nio-8080-exec-73] WARN  o.h.engine.jdbc.spi.SqlExceptionHelper - SQL Error: 0, SQLState: null
2026-04-13 21:07:32.120 [https-jsse-nio-8080-exec-22] WARN  o.h.engine.jdbc.spi.SqlExceptionHelper - SQL Error: 0, SQLState: null
2026-04-13 21:07:32.122 [https-jsse-nio-8080-exec-22] ERROR o.h.engine.jdbc.spi.SqlExceptionHelper - HikariPool-1 - Connection is not available, request timed out after 30214ms (total=10, active=10, idle=0, waiting=103)
2026-04-13 21:07:32.122 [https-jsse-nio-8080-exec-73] ERROR o.h.engine.jdbc.spi.SqlExceptionHelper - HikariPool-1 - Connection is not available, request timed out after 30699ms (total=10, active=10, idle=0, waiting=104)
2026-04-13 21:07:32.137 [https-jsse-nio-8080-exec-72] WARN  o.h.engine.jdbc.spi.SqlExceptionHelper - SQL Error: 0, SQLState: null
2026-04-13 21:07:32.136 [https-jsse-nio-8080-exec-17] WARN  o.h.engine.jdbc.spi.SqlExceptionHelper - SQL Error: 0, SQLState: null
2026-04-13 21:07:32.136 [https-jsse-nio-8080-exec-51] WARN  o.h.engine.jdbc.spi.SqlExceptionHelper - SQL Error: 0, SQLState: null
2026-04-13 21:07:32.149 [https-jsse-nio-8080-exec-72] ERROR o.h.engine.jdbc.spi.SqlExceptionHelper - HikariPool-1 - Connection is not available, request timed out after 31095ms (total=10, active=10, idle=0, waiting=101)
2026-04-13 21:07:32.153 [https-jsse-nio-8080-exec-17] ERROR o.h.engine.jdbc.spi.SqlExceptionHelper - HikariPool-1 - Connection is not available, request timed out after 30123ms (total=10, active=10, idle=0, waiting=101)
2026-04-13 21:07:32.156 [https-jsse-nio-8080-exec-51] ERROR o.h.engine.jdbc.spi.SqlExceptionHelper - HikariPool-1 - Connection is not available, request timed out after 30554ms (total=10, active=10, idle=0, waiting=101)
2026-04-13 21:07:32.580 [https-jsse-nio-8080-exec-24] WARN  o.h.engine.jdbc.spi.SqlExceptionHelper - SQL Error: 0, SQLState: null
2026-04-13 21:07:32.589 [https-jsse-nio-8080-exec-24] ERROR o.h.engine.jdbc.spi.SqlExceptionHelper - HikariPool-1 - Connection is not available, request timed out after 30007ms (total=10, active=10, idle=0, waiting=107)
2026-04-13 21:07:33.009 [https-jsse-nio-8080-exec-39] WARN  o.h.engine.jdbc.spi.SqlExceptionHelper - SQL Error: 0, SQLState: null
2026-04-13 21:07:33.032 [https-jsse-nio-8080-exec-39] ERROR o.h.engine.jdbc.spi.SqlExceptionHelper - HikariPool-1 - Connection is not available, request timed out after 30055ms (total=10, active=10, idle=0, waiting=109)
2026-04-13 21:07:33.897 [https-jsse-nio-8080-exec-33] WARN  o.h.engine.jdbc.spi.SqlExceptionHelper - SQL Error: 0, SQLState: null
2026-04-13 21:07:33.898 [https-jsse-nio-8080-exec-33] ERROR o.h.engine.jdbc.spi.SqlExceptionHelper - HikariPool-1 - Connection is not available, request timed out after 30164ms (total=10, active=10, idle=0, waiting=109)
2026-04-13 21:07:33.902 [https-jsse-nio-8080-exec-79] WARN  o.h.engine.jdbc.spi.SqlExceptionHelper - SQL Error: 0, SQLState: null
2026-04-13 21:07:33.913 [https-jsse-nio-8080-exec-79] ERROR o.h.engine.jdbc.spi.SqlExceptionHelper - HikariPool-1 - Connection is not available, request timed out after 30700ms (total=10, active=10, idle=0, waiting=109)
2026-04-13 21:07:34.260 [https-jsse-nio-8080-exec-70] WARN  o.h.engine.jdbc.spi.SqlExceptionHelper - SQL Error: 0, SQLState: null
2026-04-13 21:07:34.263 [https-jsse-nio-8080-exec-70] ERROR o.h.engine.jdbc.spi.SqlExceptionHelper - HikariPool-1 - Connection is not available, request timed out after 30005ms (total=10, active=10, idle=0, waiting=111)
2026-04-13 21:07:34.603 [https-jsse-nio-8080-exec-62] WARN  o.h.engine.jdbc.spi.SqlExceptionHelper - SQL Error: 0, SQLState: null
2026-04-13 21:07:34.605 [https-jsse-nio-8080-exec-62] ERROR o.h.engine.jdbc.spi.SqlExceptionHelper - HikariPool-1 - Connection is not available, request timed out after 30013ms (total=10, active=10, idle=0, waiting=112)
2026-04-13 21:07:34.619 [https-jsse-nio-8080-exec-4] WARN  o.h.engine.jdbc.spi.SqlExceptionHelper - SQL Error: 0, SQLState: null
2026-04-13 21:07:34.620 [https-jsse-nio-8080-exec-4] ERROR o.h.engine.jdbc.spi.SqlExceptionHelper - HikariPool-1 - Connection is not available, request timed out after 30005ms (total=10, active=10, idle=0, waiting=112)
2026-04-13 21:07:34.714 [https-jsse-nio-8080-exec-96] WARN  o.h.engine.jdbc.spi.SqlExceptionHelper - SQL Error: 0, SQLState: null
2026-04-13 21:07:34.733 [https-jsse-nio-8080-exec-96] ERROR o.h.engine.jdbc.spi.SqlExceptionHelper - HikariPool-1 - Connection is not available, request timed out after 30427ms (total=10, active=10, idle=0, waiting=113)
2026-04-13 21:07:34.772 [https-jsse-nio-8080-exec-55] WARN  o.h.engine.jdbc.spi.SqlExceptionHelper - SQL Error: 0, SQLState: null
2026-04-13 21:07:34.772 [https-jsse-nio-8080-exec-55] ERROR o.h.engine.jdbc.spi.SqlExceptionHelper - HikariPool-1 - Connection is not available, request timed out after 30025ms (total=10, active=10, idle=0, waiting=115)
2026-04-13 21:07:34.779 [https-jsse-nio-8080-exec-97] WARN  o.h.engine.jdbc.spi.SqlExceptionHelper - SQL Error: 0, SQLState: null
2026-04-13 21:07:34.780 [https-jsse-nio-8080-exec-53] WARN  o.h.engine.jdbc.spi.SqlExceptionHelper - SQL Error: 0, SQLState: null
2026-04-13 21:07:34.789 [https-jsse-nio-8080-exec-67] WARN  o.h.engine.jdbc.spi.SqlExceptionHelper - SQL Error: 0, SQLState: null
2026-04-13 21:07:34.886 [https-jsse-nio-8080-exec-48] WARN  o.h.engine.jdbc.spi.SqlExceptionHelper - SQL Error: 0, SQLState: null
2026-04-13 21:07:34.978 [https-jsse-nio-8080-exec-48] ERROR o.h.engine.jdbc.spi.SqlExceptionHelper - HikariPool-1 - Connection is not available, request timed out after 30011ms (total=10, active=10, idle=0, waiting=113)
2026-04-13 21:07:34.978 [https-jsse-nio-8080-exec-53] ERROR o.h.engine.jdbc.spi.SqlExceptionHelper - HikariPool-1 - Connection is not available, request timed out after 30488ms (total=10, active=10, idle=0, waiting=113)
2026-04-13 21:07:34.978 [https-jsse-nio-8080-exec-67] ERROR o.h.engine.jdbc.spi.SqlExceptionHelper - HikariPool-1 - Connection is not available, request timed out after 30214ms (total=10, active=10, idle=0, waiting=114)
2026-04-13 21:07:34.978 [https-jsse-nio-8080-exec-97] ERROR o.h.engine.jdbc.spi.SqlExceptionHelper - HikariPool-1 - Connection is not available, request timed out after 30589ms (total=10, active=10, idle=0, waiting=114)
2026-04-13 21:07:35.054 [https-jsse-nio-8080-exec-57] WARN  o.h.engine.jdbc.spi.SqlExceptionHelper - SQL Error: 0, SQLState: null
2026-04-13 21:07:35.056 [https-jsse-nio-8080-exec-57] ERROR o.h.engine.jdbc.spi.SqlExceptionHelper - HikariPool-1 - Connection is not available, request timed out after 30005ms (total=10, active=10, idle=0, waiting=116)
2026-04-13 21:07:35.098 [https-jsse-nio-8080-exec-18] WARN  o.h.engine.jdbc.spi.SqlExceptionHelper - SQL Error: 0, SQLState: null
2026-04-13 21:07:35.111 [https-jsse-nio-8080-exec-18] ERROR o.h.engine.jdbc.spi.SqlExceptionHelper - HikariPool-1 - Connection is not available, request timed out after 30027ms (total=10, active=10, idle=0, waiting=116)
2026-04-13 21:07:35.165 [https-jsse-nio-8080-exec-25] WARN  o.h.engine.jdbc.spi.SqlExceptionHelper - SQL Error: 0, SQLState: null
2026-04-13 21:07:35.165 [https-jsse-nio-8080-exec-44] WARN  o.h.engine.jdbc.spi.SqlExceptionHelper - SQL Error: 0, SQLState: null
2026-04-13 21:07:35.170 [https-jsse-nio-8080-exec-44] ERROR o.h.engine.jdbc.spi.SqlExceptionHelper - HikariPool-1 - Connection is not available, request timed out after 30028ms (total=10, active=10, idle=0, waiting=116)
2026-04-13 21:07:35.170 [https-jsse-nio-8080-exec-25] ERROR o.h.engine.jdbc.spi.SqlExceptionHelper - HikariPool-1 - Connection is not available, request timed out after 30016ms (total=10, active=10, idle=0, waiting=115)
2026-04-13 21:07:35.308 [https-jsse-nio-8080-exec-58] WARN  o.h.engine.jdbc.spi.SqlExceptionHelper - SQL Error: 0, SQLState: null
2026-04-13 21:07:35.312 [https-jsse-nio-8080-exec-58] ERROR o.h.engine.jdbc.spi.SqlExceptionHelper - HikariPool-1 - Connection is not available, request timed out after 30017ms (total=10, active=10, idle=0, waiting=118)
2026-04-13 21:07:35.453 [https-jsse-nio-8080-exec-23] WARN  o.h.engine.jdbc.spi.SqlExceptionHelper - SQL Error: 0, SQLState: null
2026-04-13 21:07:35.455 [https-jsse-nio-8080-exec-23] ERROR o.h.engine.jdbc.spi.SqlExceptionHelper - HikariPool-1 - Connection is not available, request timed out after 30023ms (total=10, active=10, idle=0, waiting=118)
2026-04-13 21:07:35.557 [https-jsse-nio-8080-exec-2] WARN  o.h.engine.jdbc.spi.SqlExceptionHelper - SQL Error: 0, SQLState: null
2026-04-13 21:07:35.560 [https-jsse-nio-8080-exec-2] ERROR o.h.engine.jdbc.spi.SqlExceptionHelper - HikariPool-1 - Connection is not available, request timed out after 30288ms (total=10, active=10, idle=0, waiting=119)
2026-04-13 21:07:35.563 [https-jsse-nio-8080-exec-49] WARN  o.h.engine.jdbc.spi.SqlExceptionHelper - SQL Error: 0, SQLState: null
2026-04-13 21:07:35.573 [https-jsse-nio-8080-exec-49] ERROR o.h.engine.jdbc.spi.SqlExceptionHelper - HikariPool-1 - Connection is not available, request timed out after 30010ms (total=10, active=10, idle=0, waiting=118)
2026-04-13 21:07:35.702 [https-jsse-nio-8080-exec-77] WARN  o.h.engine.jdbc.spi.SqlExceptionHelper - SQL Error: 0, SQLState: null
2026-04-13 21:07:35.711 [https-jsse-nio-8080-exec-77] ERROR o.h.engine.jdbc.spi.SqlExceptionHelper - HikariPool-1 - Connection is not available, request timed out after 30007ms (total=10, active=10, idle=0, waiting=119)
2026-04-13 21:07:35.805 [https-jsse-nio-8080-exec-61] WARN  o.h.engine.jdbc.spi.SqlExceptionHelper - SQL Error: 0, SQLState: null
2026-04-13 21:07:35.825 [https-jsse-nio-8080-exec-61] ERROR o.h.engine.jdbc.spi.SqlExceptionHelper - HikariPool-1 - Connection is not available, request timed out after 30016ms (total=10, active=10, idle=0, waiting=119)
2026-04-13 21:07:37.472 [https-jsse-nio-8080-exec-12] WARN  o.h.engine.jdbc.spi.SqlExceptionHelper - SQL Error: 0, SQLState: null
2026-04-13 21:07:37.474 [https-jsse-nio-8080-exec-12] ERROR o.h.engine.jdbc.spi.SqlExceptionHelper - HikariPool-1 - Connection is not available, request timed out after 30187ms (total=10, active=10, idle=0, waiting=121)
2026-04-13 21:07:37.705 [https-jsse-nio-8080-exec-63] WARN  o.h.engine.jdbc.spi.SqlExceptionHelper - SQL Error: 0, SQLState: null
2026-04-13 21:07:37.706 [https-jsse-nio-8080-exec-63] ERROR o.h.engine.jdbc.spi.SqlExceptionHelper - HikariPool-1 - Connection is not available, request timed out after 30005ms (total=10, active=10, idle=0, waiting=123)
2026-04-13 21:07:37.845 [https-jsse-nio-8080-exec-88] WARN  o.h.engine.jdbc.spi.SqlExceptionHelper - SQL Error: 0, SQLState: null
2026-04-13 21:07:37.852 [https-jsse-nio-8080-exec-88] ERROR o.h.engine.jdbc.spi.SqlExceptionHelper - HikariPool-1 - Connection is not available, request timed out after 30010ms (total=10, active=10, idle=0, waiting=124)
2026-04-13 21:07:37.945 [https-jsse-nio-8080-exec-87] WARN  o.h.engine.jdbc.spi.SqlExceptionHelper - SQL Error: 0, SQLState: null
2026-04-13 21:07:37.961 [https-jsse-nio-8080-exec-87] ERROR o.h.engine.jdbc.spi.SqlExceptionHelper - HikariPool-1 - Connection is not available, request timed out after 30047ms (total=10, active=10, idle=0, waiting=124)
2026-04-13 21:07:38.076 [https-jsse-nio-8080-exec-36] WARN  o.h.engine.jdbc.spi.SqlExceptionHelper - SQL Error: 0, SQLState: null
2026-04-13 21:07:38.076 [https-jsse-nio-8080-exec-36] ERROR o.h.engine.jdbc.spi.SqlExceptionHelper - HikariPool-1 - Connection is not available, request timed out after 30011ms (total=10, active=10, idle=0, waiting=124)
2026-04-13 21:07:39.364 [https-jsse-nio-8080-exec-103] WARN  o.h.engine.jdbc.spi.SqlExceptionHelper - SQL Error: 0, SQLState: null
2026-04-13 21:07:39.403 [https-jsse-nio-8080-exec-103] ERROR o.h.engine.jdbc.spi.SqlExceptionHelper - HikariPool-1 - Connection is not available, request timed out after 30012ms (total=10, active=10, idle=0, waiting=129)
2026-04-13 21:07:39.474 [https-jsse-nio-8080-exec-26] WARN  o.h.engine.jdbc.spi.SqlExceptionHelper - SQL Error: 0, SQLState: null
2026-04-13 21:07:39.537 [https-jsse-nio-8080-exec-26] ERROR o.h.engine.jdbc.spi.SqlExceptionHelper - HikariPool-1 - Connection is not available, request timed out after 30084ms (total=10, active=10, idle=0, waiting=129)
2026-04-13 21:07:39.812 [https-jsse-nio-8080-exec-50] WARN  o.h.engine.jdbc.spi.SqlExceptionHelper - SQL Error: 0, SQLState: null
2026-04-13 21:07:39.831 [https-jsse-nio-8080-exec-50] ERROR o.h.engine.jdbc.spi.SqlExceptionHelper - HikariPool-1 - Connection is not available, request timed out after 30066ms (total=10, active=10, idle=0, waiting=129)
2026-04-13 21:07:39.964 [https-jsse-nio-8080-exec-83] WARN  o.h.engine.jdbc.spi.SqlExceptionHelper - SQL Error: 0, SQLState: null
2026-04-13 21:07:39.967 [https-jsse-nio-8080-exec-83] ERROR o.h.engine.jdbc.spi.SqlExceptionHelper - HikariPool-1 - Connection is not available, request timed out after 30000ms (total=10, active=10, idle=0, waiting=129)
2026-04-13 21:07:40.524 [https-jsse-nio-8080-exec-14] WARN  o.h.engine.jdbc.spi.SqlExceptionHelper - SQL Error: 0, SQLState: null
2026-04-13 21:07:40.588 [https-jsse-nio-8080-exec-14] ERROR o.h.engine.jdbc.spi.SqlExceptionHelper - HikariPool-1 - Connection is not available, request timed out after 30007ms (total=10, active=10, idle=0, waiting=130)
2026-04-13 21:07:40.850 [https-jsse-nio-8080-exec-47] WARN  o.h.engine.jdbc.spi.SqlExceptionHelper - SQL Error: 0, SQLState: null
2026-04-13 21:07:40.854 [https-jsse-nio-8080-exec-47] ERROR o.h.engine.jdbc.spi.SqlExceptionHelper - HikariPool-1 - Connection is not available, request timed out after 30002ms (total=10, active=10, idle=0, waiting=129)
2026-04-13 21:07:40.918 [https-jsse-nio-8080-exec-31] WARN  o.h.engine.jdbc.spi.SqlExceptionHelper - SQL Error: 0, SQLState: null
2026-04-13 21:07:40.921 [https-jsse-nio-8080-exec-31] ERROR o.h.engine.jdbc.spi.SqlExceptionHelper - HikariPool-1 - Connection is not available, request timed out after 30010ms (total=10, active=10, idle=0, waiting=129)
2026-04-13 21:07:41.067 [https-jsse-nio-8080-exec-100] WARN  o.h.engine.jdbc.spi.SqlExceptionHelper - SQL Error: 0, SQLState: null
2026-04-13 21:07:41.080 [https-jsse-nio-8080-exec-100] ERROR o.h.engine.jdbc.spi.SqlExceptionHelper - HikariPool-1 - Connection is not available, request timed out after 30008ms (total=10, active=10, idle=0, waiting=129)
2026-04-13 21:07:41.111 [https-jsse-nio-8080-exec-56] WARN  o.h.engine.jdbc.spi.SqlExceptionHelper - SQL Error: 0, SQLState: null
2026-04-13 21:07:41.133 [https-jsse-nio-8080-exec-56] ERROR o.h.engine.jdbc.spi.SqlExceptionHelper - HikariPool-1 - Connection is not available, request timed out after 30012ms (total=10, active=10, idle=0, waiting=129)
2026-04-13 21:07:41.222 [https-jsse-nio-8080-exec-69] WARN  o.h.engine.jdbc.spi.SqlExceptionHelper - SQL Error: 0, SQLState: null
2026-04-13 21:07:41.224 [https-jsse-nio-8080-exec-69] ERROR o.h.engine.jdbc.spi.SqlExceptionHelper - HikariPool-1 - Connection is not available, request timed out after 30016ms (total=10, active=10, idle=0, waiting=129)
2026-04-13 21:07:41.547 [https-jsse-nio-8080-exec-28] WARN  o.h.engine.jdbc.spi.SqlExceptionHelper - SQL Error: 0, SQLState: null
2026-04-13 21:07:41.548 [https-jsse-nio-8080-exec-28] ERROR o.h.engine.jdbc.spi.SqlExceptionHelper - HikariPool-1 - Connection is not available, request timed out after 30009ms (total=10, active=10, idle=0, waiting=129)
2026-04-13 21:07:42.532 [https-jsse-nio-8080-exec-104] WARN  o.h.engine.jdbc.spi.SqlExceptionHelper - SQL Error: 0, SQLState: null
2026-04-13 21:07:42.533 [https-jsse-nio-8080-exec-104] ERROR o.h.engine.jdbc.spi.SqlExceptionHelper - HikariPool-1 - Connection is not available, request timed out after 30016ms (total=10, active=10, idle=0, waiting=127)
2026-04-13 21:07:42.729 [https-jsse-nio-8080-exec-105] WARN  o.h.engine.jdbc.spi.SqlExceptionHelper - SQL Error: 0, SQLState: null
2026-04-13 21:07:42.730 [https-jsse-nio-8080-exec-105] ERROR o.h.engine.jdbc.spi.SqlExceptionHelper - HikariPool-1 - Connection is not available, request timed out after 30012ms (total=10, active=10, idle=0, waiting=129)
2026-04-13 21:07:42.824 [https-jsse-nio-8080-exec-19] WARN  o.h.engine.jdbc.spi.SqlExceptionHelper - SQL Error: 0, SQLState: null
2026-04-13 21:07:42.923 [https-jsse-nio-8080-exec-19] ERROR o.h.engine.jdbc.spi.SqlExceptionHelper - HikariPool-1 - Connection is not available, request timed out after 30110ms (total=10, active=10, idle=0, waiting=130)
2026-04-13 21:07:44.675 [https-jsse-nio-8080-exec-30] WARN  o.h.engine.jdbc.spi.SqlExceptionHelper - SQL Error: 0, SQLState: null
2026-04-13 21:07:44.679 [https-jsse-nio-8080-exec-30] ERROR o.h.engine.jdbc.spi.SqlExceptionHelper - HikariPool-1 - Connection is not available, request timed out after 30013ms (total=10, active=10, idle=0, waiting=131)
2026-04-13 21:07:44.876 [https-jsse-nio-8080-exec-68] WARN  o.h.engine.jdbc.spi.SqlExceptionHelper - SQL Error: 0, SQLState: null
2026-04-13 21:07:44.878 [https-jsse-nio-8080-exec-68] ERROR o.h.engine.jdbc.spi.SqlExceptionHelper - HikariPool-1 - Connection is not available, request timed out after 30012ms (total=10, active=10, idle=0, waiting=132)
2026-04-13 21:07:45.275 [https-jsse-nio-8080-exec-66] WARN  o.h.engine.jdbc.spi.SqlExceptionHelper - SQL Error: 0, SQLState: null
2026-04-13 21:07:45.388 [https-jsse-nio-8080-exec-66] ERROR o.h.engine.jdbc.spi.SqlExceptionHelper - HikariPool-1 - Connection is not available, request timed out after 30012ms (total=10, active=10, idle=0, waiting=134)
2026-04-13 21:07:50.516 [https-jsse-nio-8080-exec-76] WARN  o.h.engine.jdbc.spi.SqlExceptionHelper - SQL Error: 0, SQLState: null
2026-04-13 21:07:50.519 [https-jsse-nio-8080-exec-76] ERROR o.h.engine.jdbc.spi.SqlExceptionHelper - HikariPool-1 - Connection is not available, request timed out after 30016ms (total=10, active=10, idle=0, waiting=135)
2026-04-13 21:07:50.641 [https-jsse-nio-8080-exec-9] WARN  o.h.engine.jdbc.spi.SqlExceptionHelper - SQL Error: 0, SQLState: null
2026-04-13 21:07:50.642 [https-jsse-nio-8080-exec-9] ERROR o.h.engine.jdbc.spi.SqlExceptionHelper - HikariPool-1 - Connection is not available, request timed out after 30297ms (total=10, active=10, idle=0, waiting=136)
2026-04-13 21:07:50.980 [https-jsse-nio-8080-exec-10] WARN  o.h.engine.jdbc.spi.SqlExceptionHelper - SQL Error: 0, SQLState: null
2026-04-13 21:07:51.124 [https-jsse-nio-8080-exec-10] ERROR o.h.engine.jdbc.spi.SqlExceptionHelper - HikariPool-1 - Connection is not available, request timed out after 30146ms (total=10, active=10, idle=0, waiting=137)
2026-04-13 21:07:51.215 [https-jsse-nio-8080-exec-43] WARN  o.h.engine.jdbc.spi.SqlExceptionHelper - SQL Error: 0, SQLState: null
2026-04-13 21:07:51.217 [https-jsse-nio-8080-exec-43] ERROR o.h.engine.jdbc.spi.SqlExceptionHelper - HikariPool-1 - Connection is not available, request timed out after 30008ms (total=10, active=10, idle=0, waiting=137)
2026-04-13 21:07:52.346 [https-jsse-nio-8080-exec-102] WARN  o.h.engine.jdbc.spi.SqlExceptionHelper - SQL Error: 0, SQLState: null
2026-04-13 21:07:52.352 [https-jsse-nio-8080-exec-102] ERROR o.h.engine.jdbc.spi.SqlExceptionHelper - HikariPool-1 - Connection is not available, request timed out after 30014ms (total=10, active=10, idle=0, waiting=139)
2026-04-13 21:07:52.615 [https-jsse-nio-8080-exec-40] WARN  o.h.engine.jdbc.spi.SqlExceptionHelper - SQL Error: 0, SQLState: null
2026-04-13 21:07:52.624 [https-jsse-nio-8080-exec-40] ERROR o.h.engine.jdbc.spi.SqlExceptionHelper - HikariPool-1 - Connection is not available, request timed out after 30007ms (total=10, active=10, idle=0, waiting=141)
2026-04-13 21:07:52.819 [https-jsse-nio-8080-exec-106] WARN  o.h.engine.jdbc.spi.SqlExceptionHelper - SQL Error: 0, SQLState: null
2026-04-13 21:07:52.823 [https-jsse-nio-8080-exec-106] ERROR o.h.engine.jdbc.spi.SqlExceptionHelper - HikariPool-1 - Connection is not available, request timed out after 30003ms (total=10, active=10, idle=0, waiting=140)
2026-04-13 21:07:53.032 [https-jsse-nio-8080-exec-20] WARN  o.h.engine.jdbc.spi.SqlExceptionHelper - SQL Error: 0, SQLState: null
2026-04-13 21:07:53.097 [https-jsse-nio-8080-exec-107] WARN  o.h.engine.jdbc.spi.SqlExceptionHelper - SQL Error: 0, SQLState: null
2026-04-13 21:07:53.117 [https-jsse-nio-8080-exec-20] ERROR o.h.engine.jdbc.spi.SqlExceptionHelper - HikariPool-1 - Connection is not available, request timed out after 30003ms (total=10, active=10, idle=0, waiting=142)
2026-04-13 21:07:53.147 [https-jsse-nio-8080-exec-107] ERROR o.h.engine.jdbc.spi.SqlExceptionHelper - HikariPool-1 - Connection is not available, request timed out after 30007ms (total=10, active=10, idle=0, waiting=142)
2026-04-13 21:07:53.202 [https-jsse-nio-8080-exec-84] WARN  o.h.engine.jdbc.spi.SqlExceptionHelper - SQL Error: 0, SQLState: null
2026-04-13 21:07:53.203 [https-jsse-nio-8080-exec-84] ERROR o.h.engine.jdbc.spi.SqlExceptionHelper - HikariPool-1 - Connection is not available, request timed out after 30006ms (total=10, active=10, idle=0, waiting=145)
2026-04-13 21:07:54.113 [https-jsse-nio-8080-exec-112] WARN  o.h.engine.jdbc.spi.SqlExceptionHelper - SQL Error: 0, SQLState: null
2026-04-13 21:07:54.114 [https-jsse-nio-8080-exec-112] ERROR o.h.engine.jdbc.spi.SqlExceptionHelper - HikariPool-1 - Connection is not available, request timed out after 30003ms (total=10, active=10, idle=0, waiting=146)
2026-04-13 21:07:54.334 [https-jsse-nio-8080-exec-111] WARN  o.h.engine.jdbc.spi.SqlExceptionHelper - SQL Error: 0, SQLState: null
2026-04-13 21:07:54.335 [https-jsse-nio-8080-exec-111] ERROR o.h.engine.jdbc.spi.SqlExceptionHelper - HikariPool-1 - Connection is not available, request timed out after 30010ms (total=10, active=10, idle=0, waiting=148)
2026-04-13 21:09:38.341 [https-jsse-nio-8080-exec-158] WARN  o.h.engine.jdbc.spi.SqlExceptionHelper - SQL Error: 0, SQLState: null
2026-04-13 21:09:38.500 [https-jsse-nio-8080-exec-158] ERROR o.h.engine.jdbc.spi.SqlExceptionHelper - HikariPool-1 - Connection is not available, request timed out after 30350ms (total=10, active=10, idle=0, waiting=63)
2026-04-13 21:09:47.675 [https-jsse-nio-8080-exec-41] WARN  o.h.engine.jdbc.spi.SqlExceptionHelper - SQL Error: 0, SQLState: null
2026-04-13 21:09:47.702 [https-jsse-nio-8080-exec-41] ERROR o.h.engine.jdbc.spi.SqlExceptionHelper - HikariPool-1 - Connection is not available, request timed out after 30010ms (total=10, active=10, idle=0, waiting=65)
2026-04-13 21:09:49.625 [https-jsse-nio-8080-exec-82] WARN  o.h.engine.jdbc.spi.SqlExceptionHelper - SQL Error: 0, SQLState: null
2026-04-13 21:09:49.634 [https-jsse-nio-8080-exec-82] ERROR o.h.engine.jdbc.spi.SqlExceptionHelper - HikariPool-1 - Connection is not available, request timed out after 30002ms (total=10, active=10, idle=0, waiting=55)
2026-04-13 21:11:13.294 [https-jsse-nio-8080-exec-101] WARN  o.h.engine.jdbc.spi.SqlExceptionHelper - SQL Error: 0, SQLState: null
2026-04-13 21:11:13.308 [https-jsse-nio-8080-exec-101] ERROR o.h.engine.jdbc.spi.SqlExceptionHelper - HikariPool-1 - Connection is not available, request timed out after 30070ms (total=10, active=10, idle=0, waiting=81)
2026-04-13 21:11:21.921 [https-jsse-nio-8080-exec-126] WARN  o.h.engine.jdbc.spi.SqlExceptionHelper - SQL Error: 0, SQLState: null
2026-04-13 21:11:21.936 [https-jsse-nio-8080-exec-126] ERROR o.h.engine.jdbc.spi.SqlExceptionHelper - HikariPool-1 - Connection is not available, request timed out after 30245ms (total=10, active=10, idle=0, waiting=79)
2026-04-13 21:11:21.933 [https-jsse-nio-8080-exec-158] WARN  o.h.engine.jdbc.spi.SqlExceptionHelper - SQL Error: 0, SQLState: null
2026-04-13 21:11:22.027 [https-jsse-nio-8080-exec-158] ERROR o.h.engine.jdbc.spi.SqlExceptionHelper - HikariPool-1 - Connection is not available, request timed out after 30093ms (total=10, active=10, idle=0, waiting=78)
2026-04-13 21:11:28.551 [https-jsse-nio-8080-exec-26] WARN  o.h.engine.jdbc.spi.SqlExceptionHelper - SQL Error: 0, SQLState: null
2026-04-13 21:11:28.583 [https-jsse-nio-8080-exec-26] ERROR o.h.engine.jdbc.spi.SqlExceptionHelper - HikariPool-1 - Connection is not available, request timed out after 30047ms (total=10, active=10, idle=0, waiting=95)
2026-04-13 21:11:30.032 [https-jsse-nio-8080-exec-94] WARN  o.h.engine.jdbc.spi.SqlExceptionHelper - SQL Error: 0, SQLState: null
2026-04-13 21:11:30.038 [https-jsse-nio-8080-exec-94] ERROR o.h.engine.jdbc.spi.SqlExceptionHelper - HikariPool-1 - Connection is not available, request timed out after 30016ms (total=10, active=10, idle=0, waiting=86)
2026-04-13 21:11:30.292 [https-jsse-nio-8080-exec-118] WARN  o.h.engine.jdbc.spi.SqlExceptionHelper - SQL Error: 0, SQLState: null
2026-04-13 21:11:30.295 [https-jsse-nio-8080-exec-118] ERROR o.h.engine.jdbc.spi.SqlExceptionHelper - HikariPool-1 - Connection is not available, request timed out after 30011ms (total=10, active=10, idle=0, waiting=87)
2026-04-13 21:11:35.049 [https-jsse-nio-8080-exec-73] WARN  o.h.engine.jdbc.spi.SqlExceptionHelper - SQL Error: 0, SQLState: null
2026-04-13 21:11:35.199 [https-jsse-nio-8080-exec-73] ERROR o.h.engine.jdbc.spi.SqlExceptionHelper - HikariPool-1 - Connection is not available, request timed out after 30089ms (total=10, active=10, idle=0, waiting=88)
2026-04-13 21:11:38.819 [https-jsse-nio-8080-exec-34] WARN  o.h.engine.jdbc.spi.SqlExceptionHelper - SQL Error: 0, SQLState: null
2026-04-13 21:11:38.968 [https-jsse-nio-8080-exec-34] ERROR o.h.engine.jdbc.spi.SqlExceptionHelper - HikariPool-1 - Connection is not available, request timed out after 30055ms (total=10, active=10, idle=0, waiting=69)
2026-04-13 21:11:47.474 [https-jsse-nio-8080-exec-45] WARN  o.h.engine.jdbc.spi.SqlExceptionHelper - SQL Error: 0, SQLState: null
2026-04-13 21:11:47.478 [https-jsse-nio-8080-exec-45] ERROR o.h.engine.jdbc.spi.SqlExceptionHelper - HikariPool-1 - Connection is not available, request timed out after 30026ms (total=10, active=10, idle=0, waiting=72)
2026-04-13 21:26:39.787 [MessageBroker-1] INFO  o.s.w.s.c.WebSocketMessageBrokerStats - WebSocketSession[0 current WS(0)-HttpStream(0)-HttpPoll(0), 0 total, 0 closed abnormally (0 connect failure, 0 send limit, 0 transport error)], stompSubProtocol[processed CONNECT(0)-CONNECTED(0)-DISCONNECT(0)], stompBrokerRelay[null], inboundChannel[pool size = 0, active threads = 0, queued tasks = 0, completed tasks = 0], outboundChannel[pool size = 0, active threads = 0, queued tasks = 0, completed tasks = 0], sockJsScheduler[pool size = 2, active threads = 1, queued tasks = 0, completed tasks = 1]
2026-04-13 21:56:39.839 [MessageBroker-2] INFO  o.s.w.s.c.WebSocketMessageBrokerStats - WebSocketSession[0 current WS(0)-HttpStream(0)-HttpPoll(0), 0 total, 0 closed abnormally (0 connect failure, 0 send limit, 0 transport error)], stompSubProtocol[processed CONNECT(0)-CONNECTED(0)-DISCONNECT(0)], stompBrokerRelay[null], inboundChannel[pool size = 0, active threads = 0, queued tasks = 0, completed tasks = 0], outboundChannel[pool size = 0, active threads = 0, queued tasks = 0, completed tasks = 0], sockJsScheduler[pool size = 3, active threads = 1, queued tasks = 0, completed tasks = 2]
2026-04-13 21:59:35.826 [SpringApplicationShutdownHook] INFO  o.s.b.w.embedded.tomcat.GracefulShutdown - Commencing graceful shutdown. Waiting for active requests to complete
2026-04-13 21:59:35.845 [tomcat-shutdown] INFO  o.s.b.w.embedded.tomcat.GracefulShutdown - Graceful shutdown complete
2026-04-13 21:59:35.865 [SpringApplicationShutdownHook] INFO  o.s.m.s.b.SimpleBrokerMessageHandler - Stopping...
2026-04-13 21:59:35.866 [SpringApplicationShutdownHook] INFO  o.s.m.s.b.SimpleBrokerMessageHandler - BrokerAvailabilityEvent[available=false, SimpleBrokerMessageHandler [org.springframework.messaging.simp.broker.DefaultSubscriptionRegistry@5ffe5b7d]]
2026-04-13 21:59:35.867 [SpringApplicationShutdownHook] INFO  o.s.m.s.b.SimpleBrokerMessageHandler - Stopped.
2026-04-13 21:59:35.897 [SpringApplicationShutdownHook] INFO  o.s.o.j.LocalContainerEntityManagerFactoryBean - Closing JPA EntityManagerFactory for persistence unit 'default'
2026-04-13 21:59:35.937 [SpringApplicationShutdownHook] INFO  com.zaxxer.hikari.HikariDataSource - HikariPool-1 - Shutdown initiated...
2026-04-13 21:59:35.944 [SpringApplicationShutdownHook] INFO  com.zaxxer.hikari.HikariDataSource - HikariPool-1 - Shutdown completed.
2026-04-13 21:59:53.813 [background-preinit] INFO  o.h.validator.internal.util.Version - HV000001: Hibernate Validator 8.0.3.Final
2026-04-13 21:59:53.874 [main] INFO  c.proj.webprojrct.WebprojrctApplication - Starting WebprojrctApplication using Java 21 with PID 42824 (C:\Users\kietc\java\ATUDW_FINAL\target\classes started by kietc in C:\Users\kietc\java\ATUDW_FINAL)
2026-04-13 21:59:53.875 [main] INFO  c.proj.webprojrct.WebprojrctApplication - No active profile set, falling back to 1 default profile: "default"
2026-04-13 21:59:55.155 [main] INFO  o.s.d.r.c.RepositoryConfigurationDelegate - Bootstrapping Spring Data JPA repositories in DEFAULT mode.
2026-04-13 21:59:55.306 [main] INFO  o.s.d.r.c.RepositoryConfigurationDelegate - Finished Spring Data repository scanning in 142 ms. Found 19 JPA repository interfaces.
2026-04-13 21:59:55.955 [main] INFO  o.s.b.w.embedded.tomcat.TomcatWebServer - Tomcat initialized with port 8080 (https)
2026-04-13 21:59:55.973 [main] INFO  o.apache.coyote.http11.Http11NioProtocol - Initializing ProtocolHandler ["https-jsse-nio-8080"]
2026-04-13 21:59:55.976 [main] INFO  o.apache.catalina.core.StandardService - Starting service [Tomcat]
2026-04-13 21:59:55.977 [main] INFO  org.apache.catalina.core.StandardEngine - Starting Servlet engine: [Apache Tomcat/10.1.54]
2026-04-13 21:59:56.233 [main] INFO  org.apache.jasper.servlet.TldScanner - At least one JAR was scanned for TLDs yet contained no TLDs. Enable debug logging for this logger for a complete list of JARs that were scanned but no TLDs were found in them. Skipping unneeded JARs during scanning can improve startup time and JSP compilation time.
2026-04-13 21:59:56.240 [main] INFO  o.a.c.c.C.[Tomcat].[localhost].[/] - Initializing Spring embedded WebApplicationContext
2026-04-13 21:59:56.240 [main] INFO  o.s.b.w.s.c.ServletWebServerApplicationContext - Root WebApplicationContext: initialization completed in 2305 ms
2026-04-13 21:59:56.410 [main] INFO  com.zaxxer.hikari.HikariDataSource - HikariPool-1 - Starting...
2026-04-13 21:59:56.581 [main] INFO  com.zaxxer.hikari.pool.HikariPool - HikariPool-1 - Added connection com.mysql.cj.jdbc.ConnectionImpl@397a10df
2026-04-13 21:59:56.583 [main] INFO  com.zaxxer.hikari.HikariDataSource - HikariPool-1 - Start completed.
2026-04-13 21:59:56.681 [main] INFO  o.hibernate.jpa.internal.util.LogHelper - HHH000204: Processing PersistenceUnitInfo [name: default]
2026-04-13 21:59:56.753 [main] INFO  org.hibernate.Version - HHH000412: Hibernate ORM core version 6.6.44.Final
2026-04-13 21:59:56.790 [main] INFO  o.h.c.internal.RegionFactoryInitiator - HHH000026: Second-level cache disabled
2026-04-13 21:59:57.103 [main] INFO  o.s.o.j.p.SpringPersistenceUnitInfo - No LoadTimeWeaver setup: ignoring JPA class transformer
2026-04-13 21:59:57.186 [main] WARN  org.hibernate.orm.deprecation - HHH90000025: MySQL8Dialect does not need to be specified explicitly using 'hibernate.dialect' (remove the property setting and it will be selected by default)
2026-04-13 21:59:57.187 [main] WARN  org.hibernate.orm.deprecation - HHH90000026: MySQL8Dialect has been deprecated; use org.hibernate.dialect.MySQLDialect instead
2026-04-13 21:59:57.210 [main] INFO  org.hibernate.orm.connections.pooling - HHH10001005: Database info:
	Database JDBC URL [Connecting through datasource 'HikariDataSource (HikariPool-1)']
	Database driver: undefined/unknown
	Database version: 8.0
	Autocommit mode: undefined/unknown
	Isolation level: undefined/unknown
	Minimum pool size: undefined/unknown
	Maximum pool size: undefined/unknown
2026-04-13 21:59:58.384 [main] INFO  o.h.e.t.j.p.i.JtaPlatformInitiator - HHH000489: No JTA platform available (set 'hibernate.transaction.jta.platform' to enable JTA platform integration)
2026-04-13 21:59:58.571 [main] INFO  o.s.o.j.LocalContainerEntityManagerFactoryBean - Initialized JPA EntityManagerFactory for persistence unit 'default'
2026-04-13 21:59:58.908 [main] INFO  o.s.config.ConfigurableSiteMeshFilter - SiteMesh 3.2.1 initialized with filter name 'sitemeshFilter'
2026-04-13 21:59:58.976 [main] INFO  o.s.d.j.r.query.QueryEnhancerFactory - Hibernate is in classpath; If applicable, HQL parser will be used.
2026-04-13 21:59:59.644 [main] WARN  o.s.s.c.a.a.c.InitializeUserDetailsBeanManagerConfigurer$InitializeUserDetailsManagerConfigurer - Global AuthenticationManager configured with an AuthenticationProvider bean. UserDetailsService beans will not be used by Spring Security for automatically configuring username/password login. Consider removing the AuthenticationProvider bean. Alternatively, consider using the UserDetailsService in a manually instantiated DaoAuthenticationProvider. If the current configuration is intentional, to turn off this warning, increase the logging level of 'org.springframework.security.config.annotation.authentication.configuration.InitializeUserDetailsBeanManagerConfigurer' to ERROR
2026-04-13 22:00:00.039 [main] WARN  o.s.b.a.o.j.JpaBaseConfiguration$JpaWebConfiguration - spring.jpa.open-in-view is enabled by default. Therefore, database queries may be performed during view rendering. Explicitly configure spring.jpa.open-in-view to disable this warning
2026-04-13 22:00:00.331 [main] INFO  o.s.b.a.e.web.EndpointLinksResolver - Exposing 1 endpoint beneath base path '/actuator'
2026-04-13 22:00:00.910 [main] INFO  o.s.m.s.b.SimpleBrokerMessageHandler - Starting...
2026-04-13 22:00:00.911 [main] INFO  o.s.m.s.b.SimpleBrokerMessageHandler - BrokerAvailabilityEvent[available=true, SimpleBrokerMessageHandler [org.springframework.messaging.simp.broker.DefaultSubscriptionRegistry@4da6fd47]]
2026-04-13 22:00:00.912 [main] INFO  o.s.m.s.b.SimpleBrokerMessageHandler - Started.
2026-04-13 22:00:00.913 [main] INFO  o.apache.coyote.http11.Http11NioProtocol - Starting ProtocolHandler ["https-jsse-nio-8080"]
2026-04-13 22:00:01.120 [main] INFO  o.a.t.util.net.NioEndpoint.certificate - Connector [https-jsse-nio-8080], TLS virtual host [_default_], certificate type [UNDEFINED] configured from keystore [Set directly - location unknown] using alias [springboot] with trust store [null]
2026-04-13 22:00:01.145 [main] INFO  o.s.b.w.embedded.tomcat.TomcatWebServer - Tomcat started on port 8080 (https) with context path '/'
2026-04-13 22:00:01.157 [main] INFO  c.proj.webprojrct.WebprojrctApplication - Started WebprojrctApplication in 7.887 seconds (process running for 8.285)
2026-04-13 22:00:46.778 [https-jsse-nio-8080-exec-10] INFO  o.a.c.c.C.[Tomcat].[localhost].[/] - Initializing Spring DispatcherServlet 'dispatcherServlet'
2026-04-13 22:00:46.778 [https-jsse-nio-8080-exec-10] INFO  o.s.web.servlet.DispatcherServlet - Initializing Servlet 'dispatcherServlet'
2026-04-13 22:00:46.780 [https-jsse-nio-8080-exec-10] INFO  o.s.web.servlet.DispatcherServlet - Completed initialization in 2 ms
2026-04-13 22:01:00.887 [MessageBroker-1] INFO  o.s.w.s.c.WebSocketMessageBrokerStats - WebSocketSession[0 current WS(0)-HttpStream(0)-HttpPoll(0), 0 total, 0 closed abnormally (0 connect failure, 0 send limit, 0 transport error)], stompSubProtocol[processed CONNECT(0)-CONNECTED(0)-DISCONNECT(0)], stompBrokerRelay[null], inboundChannel[pool size = 0, active threads = 0, queued tasks = 0, completed tasks = 0], outboundChannel[pool size = 0, active threads = 0, queued tasks = 0, completed tasks = 0], sockJsScheduler[pool size = 1, active threads = 1, queued tasks = 0, completed tasks = 0]
2026-04-13 22:11:42.896 [SpringApplicationShutdownHook] INFO  o.s.b.w.embedded.tomcat.GracefulShutdown - Commencing graceful shutdown. Waiting for active requests to complete
2026-04-13 22:11:42.902 [tomcat-shutdown] INFO  o.s.b.w.embedded.tomcat.GracefulShutdown - Graceful shutdown complete
2026-04-13 22:11:42.903 [SpringApplicationShutdownHook] INFO  o.s.m.s.b.SimpleBrokerMessageHandler - Stopping...
2026-04-13 22:11:42.903 [SpringApplicationShutdownHook] INFO  o.s.m.s.b.SimpleBrokerMessageHandler - BrokerAvailabilityEvent[available=false, SimpleBrokerMessageHandler [org.springframework.messaging.simp.broker.DefaultSubscriptionRegistry@4da6fd47]]
2026-04-13 22:11:42.905 [SpringApplicationShutdownHook] INFO  o.s.m.s.b.SimpleBrokerMessageHandler - Stopped.
2026-04-13 22:11:42.911 [SpringApplicationShutdownHook] INFO  o.s.o.j.LocalContainerEntityManagerFactoryBean - Closing JPA EntityManagerFactory for persistence unit 'default'
2026-04-13 22:11:42.913 [SpringApplicationShutdownHook] INFO  com.zaxxer.hikari.HikariDataSource - HikariPool-1 - Shutdown initiated...
2026-04-13 22:11:42.921 [SpringApplicationShutdownHook] INFO  com.zaxxer.hikari.HikariDataSource - HikariPool-1 - Shutdown completed.
2026-04-13 22:11:59.487 [background-preinit] INFO  o.h.validator.internal.util.Version - HV000001: Hibernate Validator 8.0.3.Final
2026-04-13 22:11:59.528 [main] INFO  c.proj.webprojrct.WebprojrctApplication - Starting WebprojrctApplication using Java 21 with PID 11260 (C:\Users\kietc\java\ATUDW_FINAL\target\classes started by kietc in C:\Users\kietc\java\ATUDW_FINAL)
2026-04-13 22:11:59.529 [main] INFO  c.proj.webprojrct.WebprojrctApplication - No active profile set, falling back to 1 default profile: "default"
2026-04-13 22:12:00.515 [main] INFO  o.s.d.r.c.RepositoryConfigurationDelegate - Bootstrapping Spring Data JPA repositories in DEFAULT mode.
2026-04-13 22:12:00.639 [main] INFO  o.s.d.r.c.RepositoryConfigurationDelegate - Finished Spring Data repository scanning in 117 ms. Found 19 JPA repository interfaces.
2026-04-13 22:12:01.174 [main] INFO  o.s.b.w.embedded.tomcat.TomcatWebServer - Tomcat initialized with port 8080 (https)
2026-04-13 22:12:01.183 [main] INFO  o.apache.coyote.http11.Http11NioProtocol - Initializing ProtocolHandler ["https-jsse-nio-8080"]
2026-04-13 22:12:01.188 [main] INFO  o.apache.catalina.core.StandardService - Starting service [Tomcat]
2026-04-13 22:12:01.188 [main] INFO  org.apache.catalina.core.StandardEngine - Starting Servlet engine: [Apache Tomcat/10.1.54]
2026-04-13 22:12:01.413 [main] INFO  org.apache.jasper.servlet.TldScanner - At least one JAR was scanned for TLDs yet contained no TLDs. Enable debug logging for this logger for a complete list of JARs that were scanned but no TLDs were found in them. Skipping unneeded JARs during scanning can improve startup time and JSP compilation time.
2026-04-13 22:12:01.418 [main] INFO  o.a.c.c.C.[Tomcat].[localhost].[/] - Initializing Spring embedded WebApplicationContext
2026-04-13 22:12:01.418 [main] INFO  o.s.b.w.s.c.ServletWebServerApplicationContext - Root WebApplicationContext: initialization completed in 1846 ms
2026-04-13 22:12:01.545 [main] INFO  com.zaxxer.hikari.HikariDataSource - HikariPool-1 - Starting...
2026-04-13 22:12:01.679 [main] INFO  com.zaxxer.hikari.pool.HikariPool - HikariPool-1 - Added connection com.mysql.cj.jdbc.ConnectionImpl@1df06ecd
2026-04-13 22:12:01.680 [main] INFO  com.zaxxer.hikari.HikariDataSource - HikariPool-1 - Start completed.
2026-04-13 22:12:01.753 [main] INFO  o.hibernate.jpa.internal.util.LogHelper - HHH000204: Processing PersistenceUnitInfo [name: default]
2026-04-13 22:12:01.792 [main] INFO  org.hibernate.Version - HHH000412: Hibernate ORM core version 6.6.44.Final
2026-04-13 22:12:01.828 [main] INFO  o.h.c.internal.RegionFactoryInitiator - HHH000026: Second-level cache disabled
2026-04-13 22:12:02.046 [main] INFO  o.s.o.j.p.SpringPersistenceUnitInfo - No LoadTimeWeaver setup: ignoring JPA class transformer
2026-04-13 22:12:02.112 [main] WARN  org.hibernate.orm.deprecation - HHH90000025: MySQL8Dialect does not need to be specified explicitly using 'hibernate.dialect' (remove the property setting and it will be selected by default)
2026-04-13 22:12:02.114 [main] WARN  org.hibernate.orm.deprecation - HHH90000026: MySQL8Dialect has been deprecated; use org.hibernate.dialect.MySQLDialect instead
2026-04-13 22:12:02.126 [main] INFO  org.hibernate.orm.connections.pooling - HHH10001005: Database info:
	Database JDBC URL [Connecting through datasource 'HikariDataSource (HikariPool-1)']
	Database driver: undefined/unknown
	Database version: 8.0
	Autocommit mode: undefined/unknown
	Isolation level: undefined/unknown
	Minimum pool size: undefined/unknown
	Maximum pool size: undefined/unknown
2026-04-13 22:12:03.168 [main] INFO  o.h.e.t.j.p.i.JtaPlatformInitiator - HHH000489: No JTA platform available (set 'hibernate.transaction.jta.platform' to enable JTA platform integration)
2026-04-13 22:12:03.321 [main] INFO  o.s.o.j.LocalContainerEntityManagerFactoryBean - Initialized JPA EntityManagerFactory for persistence unit 'default'
2026-04-13 22:12:03.573 [main] INFO  o.s.config.ConfigurableSiteMeshFilter - SiteMesh 3.2.1 initialized with filter name 'sitemeshFilter'
2026-04-13 22:12:03.631 [main] INFO  o.s.d.j.r.query.QueryEnhancerFactory - Hibernate is in classpath; If applicable, HQL parser will be used.
2026-04-13 22:12:04.291 [main] WARN  o.s.s.c.a.a.c.InitializeUserDetailsBeanManagerConfigurer$InitializeUserDetailsManagerConfigurer - Global AuthenticationManager configured with an AuthenticationProvider bean. UserDetailsService beans will not be used by Spring Security for automatically configuring username/password login. Consider removing the AuthenticationProvider bean. Alternatively, consider using the UserDetailsService in a manually instantiated DaoAuthenticationProvider. If the current configuration is intentional, to turn off this warning, increase the logging level of 'org.springframework.security.config.annotation.authentication.configuration.InitializeUserDetailsBeanManagerConfigurer' to ERROR
2026-04-13 22:12:04.760 [main] WARN  o.s.b.a.o.j.JpaBaseConfiguration$JpaWebConfiguration - spring.jpa.open-in-view is enabled by default. Therefore, database queries may be performed during view rendering. Explicitly configure spring.jpa.open-in-view to disable this warning
2026-04-13 22:12:05.085 [main] INFO  o.s.b.a.e.web.EndpointLinksResolver - Exposing 1 endpoint beneath base path '/actuator'
2026-04-13 22:12:05.676 [main] INFO  o.s.m.s.b.SimpleBrokerMessageHandler - Starting...
2026-04-13 22:12:05.677 [main] INFO  o.s.m.s.b.SimpleBrokerMessageHandler - BrokerAvailabilityEvent[available=true, SimpleBrokerMessageHandler [org.springframework.messaging.simp.broker.DefaultSubscriptionRegistry@6ac4da08]]
2026-04-13 22:12:05.678 [main] INFO  o.s.m.s.b.SimpleBrokerMessageHandler - Started.
2026-04-13 22:12:05.678 [main] INFO  o.apache.coyote.http11.Http11NioProtocol - Starting ProtocolHandler ["https-jsse-nio-8080"]
2026-04-13 22:12:05.830 [main] INFO  o.a.t.util.net.NioEndpoint.certificate - Connector [https-jsse-nio-8080], TLS virtual host [_default_], certificate type [UNDEFINED] configured from keystore [Set directly - location unknown] using alias [springboot] with trust store [null]
2026-04-13 22:12:05.849 [main] INFO  o.s.b.w.embedded.tomcat.TomcatWebServer - Tomcat started on port 8080 (https) with context path '/'
2026-04-13 22:12:05.862 [main] INFO  c.proj.webprojrct.WebprojrctApplication - Started WebprojrctApplication in 6.757 seconds (process running for 7.106)
2026-04-13 22:12:06.003 [https-jsse-nio-8080-exec-7] INFO  o.a.c.c.C.[Tomcat].[localhost].[/] - Initializing Spring DispatcherServlet 'dispatcherServlet'
2026-04-13 22:12:06.003 [https-jsse-nio-8080-exec-7] INFO  o.s.web.servlet.DispatcherServlet - Initializing Servlet 'dispatcherServlet'
2026-04-13 22:12:06.005 [https-jsse-nio-8080-exec-7] INFO  o.s.web.servlet.DispatcherServlet - Completed initialization in 2 ms
2026-04-13 22:12:32.879 [SpringApplicationShutdownHook] INFO  o.s.b.w.embedded.tomcat.GracefulShutdown - Commencing graceful shutdown. Waiting for active requests to complete
2026-04-13 22:12:32.886 [tomcat-shutdown] INFO  o.s.b.w.embedded.tomcat.GracefulShutdown - Graceful shutdown complete
2026-04-13 22:12:32.888 [SpringApplicationShutdownHook] INFO  o.s.m.s.b.SimpleBrokerMessageHandler - Stopping...
2026-04-13 22:12:32.888 [SpringApplicationShutdownHook] INFO  o.s.m.s.b.SimpleBrokerMessageHandler - BrokerAvailabilityEvent[available=false, SimpleBrokerMessageHandler [org.springframework.messaging.simp.broker.DefaultSubscriptionRegistry@6ac4da08]]
2026-04-13 22:12:32.888 [SpringApplicationShutdownHook] INFO  o.s.m.s.b.SimpleBrokerMessageHandler - Stopped.
2026-04-13 22:12:32.895 [SpringApplicationShutdownHook] INFO  o.s.o.j.LocalContainerEntityManagerFactoryBean - Closing JPA EntityManagerFactory for persistence unit 'default'
2026-04-13 22:12:32.898 [SpringApplicationShutdownHook] INFO  com.zaxxer.hikari.HikariDataSource - HikariPool-1 - Shutdown initiated...
2026-04-13 22:12:32.903 [SpringApplicationShutdownHook] INFO  com.zaxxer.hikari.HikariDataSource - HikariPool-1 - Shutdown completed.
2026-04-13 22:13:11.137 [background-preinit] INFO  o.h.validator.internal.util.Version - HV000001: Hibernate Validator 8.0.3.Final
2026-04-13 22:13:11.179 [main] INFO  c.proj.webprojrct.WebprojrctApplication - Starting WebprojrctApplication using Java 21 with PID 23436 (C:\Users\kietc\java\ATUDW_FINAL\target\classes started by kietc in C:\Users\kietc\java\ATUDW_FINAL)
2026-04-13 22:13:11.179 [main] INFO  c.proj.webprojrct.WebprojrctApplication - No active profile set, falling back to 1 default profile: "default"
2026-04-13 22:13:12.709 [main] INFO  o.s.d.r.c.RepositoryConfigurationDelegate - Bootstrapping Spring Data JPA repositories in DEFAULT mode.
2026-04-13 22:13:12.970 [main] INFO  o.s.d.r.c.RepositoryConfigurationDelegate - Finished Spring Data repository scanning in 245 ms. Found 19 JPA repository interfaces.
2026-04-13 22:13:13.809 [main] INFO  o.s.b.w.embedded.tomcat.TomcatWebServer - Tomcat initialized with port 8080 (https)
2026-04-13 22:13:13.825 [main] INFO  o.apache.coyote.http11.Http11NioProtocol - Initializing ProtocolHandler ["https-jsse-nio-8080"]
2026-04-13 22:13:13.830 [main] INFO  o.apache.catalina.core.StandardService - Starting service [Tomcat]
2026-04-13 22:13:13.830 [main] INFO  org.apache.catalina.core.StandardEngine - Starting Servlet engine: [Apache Tomcat/10.1.54]
2026-04-13 22:13:14.139 [main] INFO  org.apache.jasper.servlet.TldScanner - At least one JAR was scanned for TLDs yet contained no TLDs. Enable debug logging for this logger for a complete list of JARs that were scanned but no TLDs were found in them. Skipping unneeded JARs during scanning can improve startup time and JSP compilation time.
2026-04-13 22:13:14.149 [main] INFO  o.a.c.c.C.[Tomcat].[localhost].[/] - Initializing Spring embedded WebApplicationContext
2026-04-13 22:13:14.150 [main] INFO  o.s.b.w.s.c.ServletWebServerApplicationContext - Root WebApplicationContext: initialization completed in 2921 ms
2026-04-13 22:13:14.401 [main] INFO  com.zaxxer.hikari.HikariDataSource - HikariPool-1 - Starting...
2026-04-13 22:13:14.595 [main] INFO  com.zaxxer.hikari.pool.HikariPool - HikariPool-1 - Added connection com.mysql.cj.jdbc.ConnectionImpl@299cab08
2026-04-13 22:13:14.597 [main] INFO  com.zaxxer.hikari.HikariDataSource - HikariPool-1 - Start completed.
2026-04-13 22:13:14.724 [main] INFO  o.hibernate.jpa.internal.util.LogHelper - HHH000204: Processing PersistenceUnitInfo [name: default]
2026-04-13 22:13:14.799 [main] INFO  org.hibernate.Version - HHH000412: Hibernate ORM core version 6.6.44.Final
2026-04-13 22:13:14.832 [main] INFO  o.h.c.internal.RegionFactoryInitiator - HHH000026: Second-level cache disabled
2026-04-13 22:13:15.103 [main] INFO  o.s.o.j.p.SpringPersistenceUnitInfo - No LoadTimeWeaver setup: ignoring JPA class transformer
2026-04-13 22:13:15.177 [main] WARN  org.hibernate.orm.deprecation - HHH90000025: MySQL8Dialect does not need to be specified explicitly using 'hibernate.dialect' (remove the property setting and it will be selected by default)
2026-04-13 22:13:15.179 [main] WARN  org.hibernate.orm.deprecation - HHH90000026: MySQL8Dialect has been deprecated; use org.hibernate.dialect.MySQLDialect instead
2026-04-13 22:13:15.192 [main] INFO  org.hibernate.orm.connections.pooling - HHH10001005: Database info:
	Database JDBC URL [Connecting through datasource 'HikariDataSource (HikariPool-1)']
	Database driver: undefined/unknown
	Database version: 8.0
	Autocommit mode: undefined/unknown
	Isolation level: undefined/unknown
	Minimum pool size: undefined/unknown
	Maximum pool size: undefined/unknown
2026-04-13 22:13:16.488 [main] INFO  o.h.e.t.j.p.i.JtaPlatformInitiator - HHH000489: No JTA platform available (set 'hibernate.transaction.jta.platform' to enable JTA platform integration)
2026-04-13 22:13:16.669 [main] INFO  o.s.o.j.LocalContainerEntityManagerFactoryBean - Initialized JPA EntityManagerFactory for persistence unit 'default'
2026-04-13 22:13:16.953 [main] INFO  o.s.config.ConfigurableSiteMeshFilter - SiteMesh 3.2.1 initialized with filter name 'sitemeshFilter'
2026-04-13 22:13:17.022 [main] INFO  o.s.d.j.r.query.QueryEnhancerFactory - Hibernate is in classpath; If applicable, HQL parser will be used.
2026-04-13 22:13:17.805 [main] WARN  o.s.s.c.a.a.c.InitializeUserDetailsBeanManagerConfigurer$InitializeUserDetailsManagerConfigurer - Global AuthenticationManager configured with an AuthenticationProvider bean. UserDetailsService beans will not be used by Spring Security for automatically configuring username/password login. Consider removing the AuthenticationProvider bean. Alternatively, consider using the UserDetailsService in a manually instantiated DaoAuthenticationProvider. If the current configuration is intentional, to turn off this warning, increase the logging level of 'org.springframework.security.config.annotation.authentication.configuration.InitializeUserDetailsBeanManagerConfigurer' to ERROR
2026-04-13 22:13:18.205 [main] WARN  o.s.b.a.o.j.JpaBaseConfiguration$JpaWebConfiguration - spring.jpa.open-in-view is enabled by default. Therefore, database queries may be performed during view rendering. Explicitly configure spring.jpa.open-in-view to disable this warning
2026-04-13 22:13:18.542 [main] INFO  o.s.b.a.e.web.EndpointLinksResolver - Exposing 1 endpoint beneath base path '/actuator'
2026-04-13 22:13:19.152 [main] INFO  o.s.m.s.b.SimpleBrokerMessageHandler - Starting...
2026-04-13 22:13:19.152 [main] INFO  o.s.m.s.b.SimpleBrokerMessageHandler - BrokerAvailabilityEvent[available=true, SimpleBrokerMessageHandler [org.springframework.messaging.simp.broker.DefaultSubscriptionRegistry@18444e11]]
2026-04-13 22:13:19.152 [main] INFO  o.s.m.s.b.SimpleBrokerMessageHandler - Started.
2026-04-13 22:13:19.152 [main] INFO  o.apache.coyote.http11.Http11NioProtocol - Starting ProtocolHandler ["https-jsse-nio-8080"]
2026-04-13 22:13:19.324 [main] INFO  o.a.t.util.net.NioEndpoint.certificate - Connector [https-jsse-nio-8080], TLS virtual host [_default_], certificate type [UNDEFINED] configured from keystore [Set directly - location unknown] using alias [springboot] with trust store [null]
2026-04-13 22:13:19.343 [main] INFO  o.s.b.w.embedded.tomcat.TomcatWebServer - Tomcat started on port 8080 (https) with context path '/'
2026-04-13 22:13:19.355 [main] INFO  c.proj.webprojrct.WebprojrctApplication - Started WebprojrctApplication in 8.734 seconds (process running for 9.177)
2026-04-13 22:14:06.401 [https-jsse-nio-8080-exec-6] INFO  o.a.c.c.C.[Tomcat].[localhost].[/] - Initializing Spring DispatcherServlet 'dispatcherServlet'
2026-04-13 22:14:06.402 [https-jsse-nio-8080-exec-6] INFO  o.s.web.servlet.DispatcherServlet - Initializing Servlet 'dispatcherServlet'
2026-04-13 22:14:06.404 [https-jsse-nio-8080-exec-6] INFO  o.s.web.servlet.DispatcherServlet - Completed initialization in 2 ms
2026-04-13 22:14:19.131 [MessageBroker-1] INFO  o.s.w.s.c.WebSocketMessageBrokerStats - WebSocketSession[0 current WS(0)-HttpStream(0)-HttpPoll(0), 0 total, 0 closed abnormally (0 connect failure, 0 send limit, 0 transport error)], stompSubProtocol[processed CONNECT(0)-CONNECTED(0)-DISCONNECT(0)], stompBrokerRelay[null], inboundChannel[pool size = 0, active threads = 0, queued tasks = 0, completed tasks = 0], outboundChannel[pool size = 0, active threads = 0, queued tasks = 0, completed tasks = 0], sockJsScheduler[pool size = 1, active threads = 1, queued tasks = 0, completed tasks = 0]
2026-04-13 22:23:32.615 [SpringApplicationShutdownHook] INFO  o.s.b.w.embedded.tomcat.GracefulShutdown - Commencing graceful shutdown. Waiting for active requests to complete
2026-04-13 22:23:32.621 [tomcat-shutdown] INFO  o.s.b.w.embedded.tomcat.GracefulShutdown - Graceful shutdown complete
2026-04-13 22:23:32.625 [SpringApplicationShutdownHook] INFO  o.s.m.s.b.SimpleBrokerMessageHandler - Stopping...
2026-04-13 22:23:32.625 [SpringApplicationShutdownHook] INFO  o.s.m.s.b.SimpleBrokerMessageHandler - BrokerAvailabilityEvent[available=false, SimpleBrokerMessageHandler [org.springframework.messaging.simp.broker.DefaultSubscriptionRegistry@18444e11]]
2026-04-13 22:23:32.625 [SpringApplicationShutdownHook] INFO  o.s.m.s.b.SimpleBrokerMessageHandler - Stopped.
2026-04-13 22:23:32.635 [SpringApplicationShutdownHook] INFO  o.s.o.j.LocalContainerEntityManagerFactoryBean - Closing JPA EntityManagerFactory for persistence unit 'default'
2026-04-13 22:23:32.639 [SpringApplicationShutdownHook] INFO  com.zaxxer.hikari.HikariDataSource - HikariPool-1 - Shutdown initiated...
2026-04-13 22:23:32.646 [SpringApplicationShutdownHook] INFO  com.zaxxer.hikari.HikariDataSource - HikariPool-1 - Shutdown completed.
2026-04-13 22:23:49.328 [background-preinit] INFO  o.h.validator.internal.util.Version - HV000001: Hibernate Validator 8.0.3.Final
2026-04-13 22:23:49.368 [main] INFO  c.proj.webprojrct.WebprojrctApplication - Starting WebprojrctApplication using Java 21 with PID 35056 (C:\Users\kietc\java\ATUDW_FINAL\target\classes started by kietc in C:\Users\kietc\java\ATUDW_FINAL)
2026-04-13 22:23:49.368 [main] INFO  c.proj.webprojrct.WebprojrctApplication - No active profile set, falling back to 1 default profile: "default"
2026-04-13 22:23:50.659 [main] INFO  o.s.d.r.c.RepositoryConfigurationDelegate - Bootstrapping Spring Data JPA repositories in DEFAULT mode.
2026-04-13 22:23:50.818 [main] INFO  o.s.d.r.c.RepositoryConfigurationDelegate - Finished Spring Data repository scanning in 149 ms. Found 19 JPA repository interfaces.
2026-04-13 22:23:51.489 [main] INFO  o.s.b.w.embedded.tomcat.TomcatWebServer - Tomcat initialized with port 8080 (https)
2026-04-13 22:23:51.504 [main] INFO  o.apache.coyote.http11.Http11NioProtocol - Initializing ProtocolHandler ["https-jsse-nio-8080"]
2026-04-13 22:23:51.510 [main] INFO  o.apache.catalina.core.StandardService - Starting service [Tomcat]
2026-04-13 22:23:51.510 [main] INFO  org.apache.catalina.core.StandardEngine - Starting Servlet engine: [Apache Tomcat/10.1.54]
2026-04-13 22:23:51.753 [main] INFO  org.apache.jasper.servlet.TldScanner - At least one JAR was scanned for TLDs yet contained no TLDs. Enable debug logging for this logger for a complete list of JARs that were scanned but no TLDs were found in them. Skipping unneeded JARs during scanning can improve startup time and JSP compilation time.
2026-04-13 22:23:51.759 [main] INFO  o.a.c.c.C.[Tomcat].[localhost].[/] - Initializing Spring embedded WebApplicationContext
2026-04-13 22:23:51.760 [main] INFO  o.s.b.w.s.c.ServletWebServerApplicationContext - Root WebApplicationContext: initialization completed in 2339 ms
2026-04-13 22:23:51.925 [main] INFO  com.zaxxer.hikari.HikariDataSource - HikariPool-1 - Starting...
2026-04-13 22:23:52.082 [main] INFO  com.zaxxer.hikari.pool.HikariPool - HikariPool-1 - Added connection com.mysql.cj.jdbc.ConnectionImpl@7791ff50
2026-04-13 22:23:52.085 [main] INFO  com.zaxxer.hikari.HikariDataSource - HikariPool-1 - Start completed.
2026-04-13 22:23:52.182 [main] INFO  o.hibernate.jpa.internal.util.LogHelper - HHH000204: Processing PersistenceUnitInfo [name: default]
2026-04-13 22:23:52.252 [main] INFO  org.hibernate.Version - HHH000412: Hibernate ORM core version 6.6.44.Final
2026-04-13 22:23:52.295 [main] INFO  o.h.c.internal.RegionFactoryInitiator - HHH000026: Second-level cache disabled
2026-04-13 22:23:52.550 [main] INFO  o.s.o.j.p.SpringPersistenceUnitInfo - No LoadTimeWeaver setup: ignoring JPA class transformer
2026-04-13 22:23:52.636 [main] WARN  org.hibernate.orm.deprecation - HHH90000025: MySQL8Dialect does not need to be specified explicitly using 'hibernate.dialect' (remove the property setting and it will be selected by default)
2026-04-13 22:23:52.637 [main] WARN  org.hibernate.orm.deprecation - HHH90000026: MySQL8Dialect has been deprecated; use org.hibernate.dialect.MySQLDialect instead
2026-04-13 22:23:52.650 [main] INFO  org.hibernate.orm.connections.pooling - HHH10001005: Database info:
	Database JDBC URL [Connecting through datasource 'HikariDataSource (HikariPool-1)']
	Database driver: undefined/unknown
	Database version: 8.0
	Autocommit mode: undefined/unknown
	Isolation level: undefined/unknown
	Minimum pool size: undefined/unknown
	Maximum pool size: undefined/unknown
2026-04-13 22:23:53.824 [main] INFO  o.h.e.t.j.p.i.JtaPlatformInitiator - HHH000489: No JTA platform available (set 'hibernate.transaction.jta.platform' to enable JTA platform integration)
2026-04-13 22:23:54.014 [main] INFO  o.s.o.j.LocalContainerEntityManagerFactoryBean - Initialized JPA EntityManagerFactory for persistence unit 'default'
2026-04-13 22:23:54.281 [main] INFO  o.s.config.ConfigurableSiteMeshFilter - SiteMesh 3.2.1 initialized with filter name 'sitemeshFilter'
2026-04-13 22:23:54.334 [main] INFO  o.s.d.j.r.query.QueryEnhancerFactory - Hibernate is in classpath; If applicable, HQL parser will be used.
2026-04-13 22:23:54.962 [main] WARN  o.s.s.c.a.a.c.InitializeUserDetailsBeanManagerConfigurer$InitializeUserDetailsManagerConfigurer - Global AuthenticationManager configured with an AuthenticationProvider bean. UserDetailsService beans will not be used by Spring Security for automatically configuring username/password login. Consider removing the AuthenticationProvider bean. Alternatively, consider using the UserDetailsService in a manually instantiated DaoAuthenticationProvider. If the current configuration is intentional, to turn off this warning, increase the logging level of 'org.springframework.security.config.annotation.authentication.configuration.InitializeUserDetailsBeanManagerConfigurer' to ERROR
2026-04-13 22:23:55.331 [main] WARN  o.s.b.a.o.j.JpaBaseConfiguration$JpaWebConfiguration - spring.jpa.open-in-view is enabled by default. Therefore, database queries may be performed during view rendering. Explicitly configure spring.jpa.open-in-view to disable this warning
2026-04-13 22:23:55.623 [main] INFO  o.s.b.a.e.web.EndpointLinksResolver - Exposing 1 endpoint beneath base path '/actuator'
2026-04-13 22:23:56.137 [main] INFO  o.s.m.s.b.SimpleBrokerMessageHandler - Starting...
2026-04-13 22:23:56.138 [main] INFO  o.s.m.s.b.SimpleBrokerMessageHandler - BrokerAvailabilityEvent[available=true, SimpleBrokerMessageHandler [org.springframework.messaging.simp.broker.DefaultSubscriptionRegistry@6689f455]]
2026-04-13 22:23:56.138 [main] INFO  o.s.m.s.b.SimpleBrokerMessageHandler - Started.
2026-04-13 22:23:56.138 [main] INFO  o.apache.coyote.http11.Http11NioProtocol - Starting ProtocolHandler ["https-jsse-nio-8080"]
2026-04-13 22:23:56.332 [main] INFO  o.a.t.util.net.NioEndpoint.certificate - Connector [https-jsse-nio-8080], TLS virtual host [_default_], certificate type [UNDEFINED] configured from keystore [Set directly - location unknown] using alias [springboot] with trust store [null]
2026-04-13 22:23:56.353 [main] INFO  o.s.b.w.embedded.tomcat.TomcatWebServer - Tomcat started on port 8080 (https) with context path '/'
2026-04-13 22:23:56.365 [main] INFO  c.proj.webprojrct.WebprojrctApplication - Started WebprojrctApplication in 7.498 seconds (process running for 7.828)
2026-04-13 22:23:56.506 [https-jsse-nio-8080-exec-3] INFO  o.a.c.c.C.[Tomcat].[localhost].[/] - Initializing Spring DispatcherServlet 'dispatcherServlet'
2026-04-13 22:23:56.507 [https-jsse-nio-8080-exec-3] INFO  o.s.web.servlet.DispatcherServlet - Initializing Servlet 'dispatcherServlet'
2026-04-13 22:23:56.509 [https-jsse-nio-8080-exec-3] INFO  o.s.web.servlet.DispatcherServlet - Completed initialization in 2 ms
2026-04-13 22:24:56.112 [MessageBroker-6] INFO  o.s.w.s.c.WebSocketMessageBrokerStats - WebSocketSession[0 current WS(0)-HttpStream(0)-HttpPoll(0), 2 total, 0 closed abnormally (0 connect failure, 0 send limit, 0 transport error)], stompSubProtocol[processed CONNECT(2)-CONNECTED(2)-DISCONNECT(0)], stompBrokerRelay[null], inboundChannel[pool size = 27, active threads = 0, queued tasks = 0, completed tasks = 27], outboundChannel[pool size = 4, active threads = 0, queued tasks = 0, completed tasks = 4], sockJsScheduler[pool size = 14, active threads = 1, queued tasks = 1, completed tasks = 8]
2026-04-13 22:48:36.645 [SpringApplicationShutdownHook] INFO  o.s.b.w.embedded.tomcat.GracefulShutdown - Commencing graceful shutdown. Waiting for active requests to complete
2026-04-13 22:48:36.656 [tomcat-shutdown] INFO  o.s.b.w.embedded.tomcat.GracefulShutdown - Graceful shutdown complete
2026-04-13 22:48:36.663 [SpringApplicationShutdownHook] INFO  o.s.m.s.b.SimpleBrokerMessageHandler - Stopping...
2026-04-13 22:48:36.665 [SpringApplicationShutdownHook] INFO  o.s.m.s.b.SimpleBrokerMessageHandler - BrokerAvailabilityEvent[available=false, SimpleBrokerMessageHandler [org.springframework.messaging.simp.broker.DefaultSubscriptionRegistry@6689f455]]
2026-04-13 22:48:36.665 [SpringApplicationShutdownHook] INFO  o.s.m.s.b.SimpleBrokerMessageHandler - Stopped.
2026-04-13 22:48:36.679 [SpringApplicationShutdownHook] INFO  o.s.o.j.LocalContainerEntityManagerFactoryBean - Closing JPA EntityManagerFactory for persistence unit 'default'
2026-04-13 22:48:36.690 [SpringApplicationShutdownHook] INFO  com.zaxxer.hikari.HikariDataSource - HikariPool-1 - Shutdown initiated...
2026-04-13 22:48:36.697 [SpringApplicationShutdownHook] INFO  com.zaxxer.hikari.HikariDataSource - HikariPool-1 - Shutdown completed.
2026-04-13 23:31:03.065 [background-preinit] INFO  o.h.validator.internal.util.Version - HV000001: Hibernate Validator 8.0.3.Final
2026-04-13 23:31:03.105 [main] INFO  c.proj.webprojrct.WebprojrctApplication - Starting WebprojrctApplication using Java 21 with PID 4528 (C:\Users\kietc\java\ATUDW_FINAL\target\classes started by kietc in C:\Users\kietc\java\ATUDW_FINAL)
2026-04-13 23:31:03.106 [main] INFO  c.proj.webprojrct.WebprojrctApplication - No active profile set, falling back to 1 default profile: "default"
2026-04-13 23:31:04.141 [main] INFO  o.s.d.r.c.RepositoryConfigurationDelegate - Bootstrapping Spring Data JPA repositories in DEFAULT mode.
2026-04-13 23:31:04.267 [main] INFO  o.s.d.r.c.RepositoryConfigurationDelegate - Finished Spring Data repository scanning in 118 ms. Found 19 JPA repository interfaces.
2026-04-13 23:31:04.836 [main] INFO  o.s.b.w.embedded.tomcat.TomcatWebServer - Tomcat initialized with port 8080 (https)
2026-04-13 23:31:04.847 [main] INFO  o.apache.coyote.http11.Http11NioProtocol - Initializing ProtocolHandler ["https-jsse-nio-8080"]
2026-04-13 23:31:04.853 [main] INFO  o.apache.catalina.core.StandardService - Starting service [Tomcat]
2026-04-13 23:31:04.853 [main] INFO  org.apache.catalina.core.StandardEngine - Starting Servlet engine: [Apache Tomcat/10.1.54]
2026-04-13 23:31:05.073 [main] INFO  org.apache.jasper.servlet.TldScanner - At least one JAR was scanned for TLDs yet contained no TLDs. Enable debug logging for this logger for a complete list of JARs that were scanned but no TLDs were found in them. Skipping unneeded JARs during scanning can improve startup time and JSP compilation time.
2026-04-13 23:31:05.078 [main] INFO  o.a.c.c.C.[Tomcat].[localhost].[/] - Initializing Spring embedded WebApplicationContext
2026-04-13 23:31:05.079 [main] INFO  o.s.b.w.s.c.ServletWebServerApplicationContext - Root WebApplicationContext: initialization completed in 1930 ms
2026-04-13 23:31:05.218 [main] INFO  com.zaxxer.hikari.HikariDataSource - HikariPool-1 - Starting...
2026-04-13 23:31:05.373 [main] INFO  com.zaxxer.hikari.pool.HikariPool - HikariPool-1 - Added connection com.mysql.cj.jdbc.ConnectionImpl@4ffa078d
2026-04-13 23:31:05.374 [main] INFO  com.zaxxer.hikari.HikariDataSource - HikariPool-1 - Start completed.
2026-04-13 23:31:05.447 [main] INFO  o.hibernate.jpa.internal.util.LogHelper - HHH000204: Processing PersistenceUnitInfo [name: default]
2026-04-13 23:31:05.487 [main] INFO  org.hibernate.Version - HHH000412: Hibernate ORM core version 6.6.44.Final
2026-04-13 23:31:05.515 [main] INFO  o.h.c.internal.RegionFactoryInitiator - HHH000026: Second-level cache disabled
2026-04-13 23:31:05.735 [main] INFO  o.s.o.j.p.SpringPersistenceUnitInfo - No LoadTimeWeaver setup: ignoring JPA class transformer
2026-04-13 23:31:05.798 [main] WARN  org.hibernate.orm.deprecation - HHH90000025: MySQL8Dialect does not need to be specified explicitly using 'hibernate.dialect' (remove the property setting and it will be selected by default)
2026-04-13 23:31:05.799 [main] WARN  org.hibernate.orm.deprecation - HHH90000026: MySQL8Dialect has been deprecated; use org.hibernate.dialect.MySQLDialect instead
2026-04-13 23:31:05.810 [main] INFO  org.hibernate.orm.connections.pooling - HHH10001005: Database info:
	Database JDBC URL [Connecting through datasource 'HikariDataSource (HikariPool-1)']
	Database driver: undefined/unknown
	Database version: 8.0
	Autocommit mode: undefined/unknown
	Isolation level: undefined/unknown
	Minimum pool size: undefined/unknown
	Maximum pool size: undefined/unknown
2026-04-13 23:31:06.824 [main] INFO  o.h.e.t.j.p.i.JtaPlatformInitiator - HHH000489: No JTA platform available (set 'hibernate.transaction.jta.platform' to enable JTA platform integration)
2026-04-13 23:31:07.005 [main] INFO  o.s.o.j.LocalContainerEntityManagerFactoryBean - Initialized JPA EntityManagerFactory for persistence unit 'default'
2026-04-13 23:31:07.265 [main] INFO  o.s.config.ConfigurableSiteMeshFilter - SiteMesh 3.2.1 initialized with filter name 'sitemeshFilter'
2026-04-13 23:31:07.320 [main] INFO  o.s.d.j.r.query.QueryEnhancerFactory - Hibernate is in classpath; If applicable, HQL parser will be used.
2026-04-13 23:31:07.902 [main] WARN  o.s.s.c.a.a.c.InitializeUserDetailsBeanManagerConfigurer$InitializeUserDetailsManagerConfigurer - Global AuthenticationManager configured with an AuthenticationProvider bean. UserDetailsService beans will not be used by Spring Security for automatically configuring username/password login. Consider removing the AuthenticationProvider bean. Alternatively, consider using the UserDetailsService in a manually instantiated DaoAuthenticationProvider. If the current configuration is intentional, to turn off this warning, increase the logging level of 'org.springframework.security.config.annotation.authentication.configuration.InitializeUserDetailsBeanManagerConfigurer' to ERROR
2026-04-13 23:31:08.282 [main] WARN  o.s.b.a.o.j.JpaBaseConfiguration$JpaWebConfiguration - spring.jpa.open-in-view is enabled by default. Therefore, database queries may be performed during view rendering. Explicitly configure spring.jpa.open-in-view to disable this warning
2026-04-13 23:31:08.565 [main] INFO  o.s.b.a.e.web.EndpointLinksResolver - Exposing 1 endpoint beneath base path '/actuator'
2026-04-13 23:31:09.067 [main] INFO  o.s.m.s.b.SimpleBrokerMessageHandler - Starting...
2026-04-13 23:31:09.067 [main] INFO  o.s.m.s.b.SimpleBrokerMessageHandler - BrokerAvailabilityEvent[available=true, SimpleBrokerMessageHandler [org.springframework.messaging.simp.broker.DefaultSubscriptionRegistry@2a01bf0e]]
2026-04-13 23:31:09.068 [main] INFO  o.s.m.s.b.SimpleBrokerMessageHandler - Started.
2026-04-13 23:31:09.069 [main] INFO  o.apache.coyote.http11.Http11NioProtocol - Starting ProtocolHandler ["https-jsse-nio-8080"]
2026-04-13 23:31:09.254 [main] INFO  o.a.t.util.net.NioEndpoint.certificate - Connector [https-jsse-nio-8080], TLS virtual host [_default_], certificate type [UNDEFINED] configured from keystore [Set directly - location unknown] using alias [springboot] with trust store [null]
2026-04-13 23:31:09.277 [main] INFO  o.s.b.w.embedded.tomcat.TomcatWebServer - Tomcat started on port 8080 (https) with context path '/'
2026-04-13 23:31:09.288 [main] INFO  c.proj.webprojrct.WebprojrctApplication - Started WebprojrctApplication in 6.673 seconds (process running for 7.001)
2026-04-13 23:31:20.186 [https-jsse-nio-8080-exec-6] INFO  o.a.c.c.C.[Tomcat].[localhost].[/] - Initializing Spring DispatcherServlet 'dispatcherServlet'
2026-04-13 23:31:20.187 [https-jsse-nio-8080-exec-6] INFO  o.s.web.servlet.DispatcherServlet - Initializing Servlet 'dispatcherServlet'
2026-04-13 23:31:20.191 [https-jsse-nio-8080-exec-6] INFO  o.s.web.servlet.DispatcherServlet - Completed initialization in 4 ms
2026-04-13 23:32:09.055 [MessageBroker-2] INFO  o.s.w.s.c.WebSocketMessageBrokerStats - WebSocketSession[0 current WS(0)-HttpStream(0)-HttpPoll(0), 2 total, 0 closed abnormally (0 connect failure, 0 send limit, 0 transport error)], stompSubProtocol[processed CONNECT(2)-CONNECTED(2)-DISCONNECT(0)], stompBrokerRelay[null], inboundChannel[pool size = 27, active threads = 0, queued tasks = 0, completed tasks = 27], outboundChannel[pool size = 4, active threads = 0, queued tasks = 0, completed tasks = 4], sockJsScheduler[pool size = 13, active threads = 1, queued tasks = 1, completed tasks = 7]
2026-04-13 23:38:16.447 [SpringApplicationShutdownHook] INFO  o.s.b.w.embedded.tomcat.GracefulShutdown - Commencing graceful shutdown. Waiting for active requests to complete
2026-04-13 23:38:16.454 [tomcat-shutdown] INFO  o.s.b.w.embedded.tomcat.GracefulShutdown - Graceful shutdown complete
2026-04-13 23:38:16.458 [SpringApplicationShutdownHook] INFO  o.s.m.s.b.SimpleBrokerMessageHandler - Stopping...
2026-04-13 23:38:16.459 [SpringApplicationShutdownHook] INFO  o.s.m.s.b.SimpleBrokerMessageHandler - BrokerAvailabilityEvent[available=false, SimpleBrokerMessageHandler [org.springframework.messaging.simp.broker.DefaultSubscriptionRegistry@2a01bf0e]]
2026-04-13 23:38:16.459 [SpringApplicationShutdownHook] INFO  o.s.m.s.b.SimpleBrokerMessageHandler - Stopped.
2026-04-13 23:38:16.467 [SpringApplicationShutdownHook] INFO  o.s.o.j.LocalContainerEntityManagerFactoryBean - Closing JPA EntityManagerFactory for persistence unit 'default'
2026-04-13 23:38:16.469 [SpringApplicationShutdownHook] INFO  com.zaxxer.hikari.HikariDataSource - HikariPool-1 - Shutdown initiated...
2026-04-13 23:38:16.476 [SpringApplicationShutdownHook] INFO  com.zaxxer.hikari.HikariDataSource - HikariPool-1 - Shutdown completed.
2026-04-13 23:38:35.702 [background-preinit] INFO  o.h.validator.internal.util.Version - HV000001: Hibernate Validator 8.0.3.Final
2026-04-13 23:38:35.751 [main] INFO  c.proj.webprojrct.WebprojrctApplication - Starting WebprojrctApplication using Java 21 with PID 42368 (C:\Users\kietc\java\ATUDW_FINAL\target\classes started by kietc in C:\Users\kietc\java\ATUDW_FINAL)
2026-04-13 23:38:35.752 [main] INFO  c.proj.webprojrct.WebprojrctApplication - No active profile set, falling back to 1 default profile: "default"
2026-04-13 23:38:36.886 [main] INFO  o.s.d.r.c.RepositoryConfigurationDelegate - Bootstrapping Spring Data JPA repositories in DEFAULT mode.
2026-04-13 23:38:37.037 [main] INFO  o.s.d.r.c.RepositoryConfigurationDelegate - Finished Spring Data repository scanning in 141 ms. Found 19 JPA repository interfaces.
2026-04-13 23:38:37.703 [main] INFO  o.s.b.w.embedded.tomcat.TomcatWebServer - Tomcat initialized with port 8080 (https)
2026-04-13 23:38:37.718 [main] INFO  o.apache.coyote.http11.Http11NioProtocol - Initializing ProtocolHandler ["https-jsse-nio-8080"]
2026-04-13 23:38:37.723 [main] INFO  o.apache.catalina.core.StandardService - Starting service [Tomcat]
2026-04-13 23:38:37.724 [main] INFO  org.apache.catalina.core.StandardEngine - Starting Servlet engine: [Apache Tomcat/10.1.54]
2026-04-13 23:38:37.964 [main] INFO  org.apache.jasper.servlet.TldScanner - At least one JAR was scanned for TLDs yet contained no TLDs. Enable debug logging for this logger for a complete list of JARs that were scanned but no TLDs were found in them. Skipping unneeded JARs during scanning can improve startup time and JSP compilation time.
2026-04-13 23:38:37.971 [main] INFO  o.a.c.c.C.[Tomcat].[localhost].[/] - Initializing Spring embedded WebApplicationContext
2026-04-13 23:38:37.973 [main] INFO  o.s.b.w.s.c.ServletWebServerApplicationContext - Root WebApplicationContext: initialization completed in 2170 ms
2026-04-13 23:38:38.128 [main] INFO  com.zaxxer.hikari.HikariDataSource - HikariPool-1 - Starting...
2026-04-13 23:38:38.284 [main] INFO  com.zaxxer.hikari.pool.HikariPool - HikariPool-1 - Added connection com.mysql.cj.jdbc.ConnectionImpl@39a865c1
2026-04-13 23:38:38.287 [main] INFO  com.zaxxer.hikari.HikariDataSource - HikariPool-1 - Start completed.
2026-04-13 23:38:38.377 [main] INFO  o.hibernate.jpa.internal.util.LogHelper - HHH000204: Processing PersistenceUnitInfo [name: default]
2026-04-13 23:38:38.446 [main] INFO  org.hibernate.Version - HHH000412: Hibernate ORM core version 6.6.44.Final
2026-04-13 23:38:38.487 [main] INFO  o.h.c.internal.RegionFactoryInitiator - HHH000026: Second-level cache disabled
2026-04-13 23:38:38.758 [main] INFO  o.s.o.j.p.SpringPersistenceUnitInfo - No LoadTimeWeaver setup: ignoring JPA class transformer
2026-04-13 23:38:38.842 [main] WARN  org.hibernate.orm.deprecation - HHH90000025: MySQL8Dialect does not need to be specified explicitly using 'hibernate.dialect' (remove the property setting and it will be selected by default)
2026-04-13 23:38:38.843 [main] WARN  org.hibernate.orm.deprecation - HHH90000026: MySQL8Dialect has been deprecated; use org.hibernate.dialect.MySQLDialect instead
2026-04-13 23:38:38.859 [main] INFO  org.hibernate.orm.connections.pooling - HHH10001005: Database info:
	Database JDBC URL [Connecting through datasource 'HikariDataSource (HikariPool-1)']
	Database driver: undefined/unknown
	Database version: 8.0
	Autocommit mode: undefined/unknown
	Isolation level: undefined/unknown
	Minimum pool size: undefined/unknown
	Maximum pool size: undefined/unknown
2026-04-13 23:38:40.089 [main] INFO  o.h.e.t.j.p.i.JtaPlatformInitiator - HHH000489: No JTA platform available (set 'hibernate.transaction.jta.platform' to enable JTA platform integration)
2026-04-13 23:38:40.262 [main] INFO  o.s.o.j.LocalContainerEntityManagerFactoryBean - Initialized JPA EntityManagerFactory for persistence unit 'default'
2026-04-13 23:38:40.532 [main] INFO  o.s.config.ConfigurableSiteMeshFilter - SiteMesh 3.2.1 initialized with filter name 'sitemeshFilter'
2026-04-13 23:38:40.591 [main] INFO  o.s.d.j.r.query.QueryEnhancerFactory - Hibernate is in classpath; If applicable, HQL parser will be used.
2026-04-13 23:38:41.261 [main] WARN  o.s.s.c.a.a.c.InitializeUserDetailsBeanManagerConfigurer$InitializeUserDetailsManagerConfigurer - Global AuthenticationManager configured with an AuthenticationProvider bean. UserDetailsService beans will not be used by Spring Security for automatically configuring username/password login. Consider removing the AuthenticationProvider bean. Alternatively, consider using the UserDetailsService in a manually instantiated DaoAuthenticationProvider. If the current configuration is intentional, to turn off this warning, increase the logging level of 'org.springframework.security.config.annotation.authentication.configuration.InitializeUserDetailsBeanManagerConfigurer' to ERROR
2026-04-13 23:38:41.664 [main] WARN  o.s.b.a.o.j.JpaBaseConfiguration$JpaWebConfiguration - spring.jpa.open-in-view is enabled by default. Therefore, database queries may be performed during view rendering. Explicitly configure spring.jpa.open-in-view to disable this warning
2026-04-13 23:38:41.946 [main] INFO  o.s.b.a.e.web.EndpointLinksResolver - Exposing 1 endpoint beneath base path '/actuator'
2026-04-13 23:38:42.519 [main] INFO  o.s.m.s.b.SimpleBrokerMessageHandler - Starting...
2026-04-13 23:38:42.519 [main] INFO  o.s.m.s.b.SimpleBrokerMessageHandler - BrokerAvailabilityEvent[available=true, SimpleBrokerMessageHandler [org.springframework.messaging.simp.broker.DefaultSubscriptionRegistry@65a5cc92]]
2026-04-13 23:38:42.520 [main] INFO  o.s.m.s.b.SimpleBrokerMessageHandler - Started.
2026-04-13 23:38:42.521 [main] INFO  o.apache.coyote.http11.Http11NioProtocol - Starting ProtocolHandler ["https-jsse-nio-8080"]
2026-04-13 23:38:42.719 [main] INFO  o.a.t.util.net.NioEndpoint.certificate - Connector [https-jsse-nio-8080], TLS virtual host [_default_], certificate type [UNDEFINED] configured from keystore [Set directly - location unknown] using alias [springboot] with trust store [null]
2026-04-13 23:38:42.743 [main] INFO  o.s.b.w.embedded.tomcat.TomcatWebServer - Tomcat started on port 8080 (https) with context path '/'
2026-04-13 23:38:42.754 [main] INFO  c.proj.webprojrct.WebprojrctApplication - Started WebprojrctApplication in 7.501 seconds (process running for 8.026)
2026-04-13 23:38:44.420 [https-jsse-nio-8080-exec-8] INFO  o.a.c.c.C.[Tomcat].[localhost].[/] - Initializing Spring DispatcherServlet 'dispatcherServlet'
2026-04-13 23:38:44.421 [https-jsse-nio-8080-exec-8] INFO  o.s.web.servlet.DispatcherServlet - Initializing Servlet 'dispatcherServlet'
2026-04-13 23:38:44.423 [https-jsse-nio-8080-exec-8] INFO  o.s.web.servlet.DispatcherServlet - Completed initialization in 1 ms
2026-04-13 23:39:42.504 [MessageBroker-1] INFO  o.s.w.s.c.WebSocketMessageBrokerStats - WebSocketSession[0 current WS(0)-HttpStream(0)-HttpPoll(0), 0 total, 0 closed abnormally (0 connect failure, 0 send limit, 0 transport error)], stompSubProtocol[processed CONNECT(0)-CONNECTED(0)-DISCONNECT(0)], stompBrokerRelay[null], inboundChannel[pool size = 0, active threads = 0, queued tasks = 0, completed tasks = 0], outboundChannel[pool size = 0, active threads = 0, queued tasks = 0, completed tasks = 0], sockJsScheduler[pool size = 1, active threads = 1, queued tasks = 0, completed tasks = 0]
2026-04-13 23:53:38.484 [SpringApplicationShutdownHook] INFO  o.s.b.w.embedded.tomcat.GracefulShutdown - Commencing graceful shutdown. Waiting for active requests to complete
2026-04-13 23:53:38.490 [tomcat-shutdown] INFO  o.s.b.w.embedded.tomcat.GracefulShutdown - Graceful shutdown complete
2026-04-13 23:53:38.609 [SpringApplicationShutdownHook] INFO  o.s.m.s.b.SimpleBrokerMessageHandler - Stopping...
2026-04-13 23:53:38.609 [SpringApplicationShutdownHook] INFO  o.s.m.s.b.SimpleBrokerMessageHandler - BrokerAvailabilityEvent[available=false, SimpleBrokerMessageHandler [org.springframework.messaging.simp.broker.DefaultSubscriptionRegistry@65a5cc92]]
2026-04-13 23:53:38.609 [SpringApplicationShutdownHook] INFO  o.s.m.s.b.SimpleBrokerMessageHandler - Stopped.
2026-04-13 23:53:38.617 [SpringApplicationShutdownHook] INFO  o.s.o.j.LocalContainerEntityManagerFactoryBean - Closing JPA EntityManagerFactory for persistence unit 'default'
2026-04-13 23:53:38.620 [SpringApplicationShutdownHook] INFO  com.zaxxer.hikari.HikariDataSource - HikariPool-1 - Shutdown initiated...
2026-04-13 23:53:38.626 [SpringApplicationShutdownHook] INFO  com.zaxxer.hikari.HikariDataSource - HikariPool-1 - Shutdown completed.
2026-04-13 23:53:59.659 [background-preinit] INFO  o.h.validator.internal.util.Version - HV000001: Hibernate Validator 8.0.3.Final
2026-04-13 23:53:59.716 [main] INFO  c.p.w.WebprojrctApplicationTests - Starting WebprojrctApplicationTests using Java 21 with PID 32376 (started by kietc in C:\Users\kietc\java\ATUDW_FINAL)
2026-04-13 23:53:59.717 [main] INFO  c.p.w.WebprojrctApplicationTests - No active profile set, falling back to 1 default profile: "default"
2026-04-13 23:54:01.505 [main] INFO  o.s.d.r.c.RepositoryConfigurationDelegate - Bootstrapping Spring Data JPA repositories in DEFAULT mode.
2026-04-13 23:54:01.757 [main] INFO  o.s.d.r.c.RepositoryConfigurationDelegate - Finished Spring Data repository scanning in 236 ms. Found 19 JPA repository interfaces.
2026-04-13 23:54:02.406 [main] INFO  com.zaxxer.hikari.HikariDataSource - HikariPool-1 - Starting...
2026-04-13 23:54:02.657 [main] INFO  com.zaxxer.hikari.pool.HikariPool - HikariPool-1 - Added connection com.mysql.cj.jdbc.ConnectionImpl@236fd411
2026-04-13 23:54:02.659 [main] INFO  com.zaxxer.hikari.HikariDataSource - HikariPool-1 - Start completed.
2026-04-13 23:54:02.769 [main] INFO  o.hibernate.jpa.internal.util.LogHelper - HHH000204: Processing PersistenceUnitInfo [name: default]
2026-04-13 23:54:02.829 [main] INFO  org.hibernate.Version - HHH000412: Hibernate ORM core version 6.6.44.Final
2026-04-13 23:54:02.861 [main] INFO  o.h.c.internal.RegionFactoryInitiator - HHH000026: Second-level cache disabled
2026-04-13 23:54:03.126 [main] INFO  o.s.o.j.p.SpringPersistenceUnitInfo - No LoadTimeWeaver setup: ignoring JPA class transformer
2026-04-13 23:54:03.204 [main] WARN  org.hibernate.orm.deprecation - HHH90000025: MySQL8Dialect does not need to be specified explicitly using 'hibernate.dialect' (remove the property setting and it will be selected by default)
2026-04-13 23:54:03.205 [main] WARN  org.hibernate.orm.deprecation - HHH90000026: MySQL8Dialect has been deprecated; use org.hibernate.dialect.MySQLDialect instead
2026-04-13 23:54:03.219 [main] INFO  org.hibernate.orm.connections.pooling - HHH10001005: Database info:
	Database JDBC URL [Connecting through datasource 'HikariDataSource (HikariPool-1)']
	Database driver: undefined/unknown
	Database version: 8.0
	Autocommit mode: undefined/unknown
	Isolation level: undefined/unknown
	Minimum pool size: undefined/unknown
	Maximum pool size: undefined/unknown
2026-04-13 23:54:04.479 [main] INFO  o.h.e.t.j.p.i.JtaPlatformInitiator - HHH000489: No JTA platform available (set 'hibernate.transaction.jta.platform' to enable JTA platform integration)
2026-04-13 23:54:04.671 [main] INFO  o.s.o.j.LocalContainerEntityManagerFactoryBean - Initialized JPA EntityManagerFactory for persistence unit 'default'
2026-04-13 23:54:05.180 [main] INFO  o.s.d.j.r.query.QueryEnhancerFactory - Hibernate is in classpath; If applicable, HQL parser will be used.
2026-04-13 23:54:06.273 [main] WARN  o.s.s.c.a.a.c.InitializeUserDetailsBeanManagerConfigurer$InitializeUserDetailsManagerConfigurer - Global AuthenticationManager configured with an AuthenticationProvider bean. UserDetailsService beans will not be used by Spring Security for automatically configuring username/password login. Consider removing the AuthenticationProvider bean. Alternatively, consider using the UserDetailsService in a manually instantiated DaoAuthenticationProvider. If the current configuration is intentional, to turn off this warning, increase the logging level of 'org.springframework.security.config.annotation.authentication.configuration.InitializeUserDetailsBeanManagerConfigurer' to ERROR
2026-04-13 23:54:07.348 [main] WARN  o.s.b.a.o.j.JpaBaseConfiguration$JpaWebConfiguration - spring.jpa.open-in-view is enabled by default. Therefore, database queries may be performed during view rendering. Explicitly configure spring.jpa.open-in-view to disable this warning
2026-04-13 23:54:07.901 [main] INFO  o.s.b.a.e.web.EndpointLinksResolver - Exposing 1 endpoint beneath base path '/actuator'
2026-04-13 23:54:08.814 [main] INFO  o.s.m.s.b.SimpleBrokerMessageHandler - Starting...
2026-04-13 23:54:08.815 [main] INFO  o.s.m.s.b.SimpleBrokerMessageHandler - BrokerAvailabilityEvent[available=true, SimpleBrokerMessageHandler [org.springframework.messaging.simp.broker.DefaultSubscriptionRegistry@349f3582]]
2026-04-13 23:54:08.816 [main] INFO  o.s.m.s.b.SimpleBrokerMessageHandler - Started.
2026-04-13 23:54:08.834 [main] INFO  c.p.w.WebprojrctApplicationTests - Started WebprojrctApplicationTests in 9.599 seconds (process running for 10.771)
2026-04-13 23:54:09.504 [SpringApplicationShutdownHook] INFO  o.s.m.s.b.SimpleBrokerMessageHandler - Stopping...
2026-04-13 23:54:09.504 [SpringApplicationShutdownHook] INFO  o.s.m.s.b.SimpleBrokerMessageHandler - BrokerAvailabilityEvent[available=false, SimpleBrokerMessageHandler [org.springframework.messaging.simp.broker.DefaultSubscriptionRegistry@349f3582]]
2026-04-13 23:54:09.504 [SpringApplicationShutdownHook] INFO  o.s.m.s.b.SimpleBrokerMessageHandler - Stopped.
2026-04-13 23:54:09.517 [SpringApplicationShutdownHook] INFO  o.s.o.j.LocalContainerEntityManagerFactoryBean - Closing JPA EntityManagerFactory for persistence unit 'default'
2026-04-13 23:54:09.520 [SpringApplicationShutdownHook] INFO  com.zaxxer.hikari.HikariDataSource - HikariPool-1 - Shutdown initiated...
2026-04-13 23:54:09.532 [SpringApplicationShutdownHook] INFO  com.zaxxer.hikari.HikariDataSource - HikariPool-1 - Shutdown completed.
2026-04-13 23:54:33.029 [background-preinit] INFO  o.h.validator.internal.util.Version - HV000001: Hibernate Validator 8.0.3.Final
2026-04-13 23:54:33.069 [main] INFO  c.proj.webprojrct.WebprojrctApplication - Starting WebprojrctApplication using Java 21 with PID 36052 (C:\Users\kietc\java\ATUDW_FINAL\target\classes started by kietc in C:\Users\kietc\java\ATUDW_FINAL)
2026-04-13 23:54:33.070 [main] INFO  c.proj.webprojrct.WebprojrctApplication - No active profile set, falling back to 1 default profile: "default"
2026-04-13 23:54:34.283 [main] INFO  o.s.d.r.c.RepositoryConfigurationDelegate - Bootstrapping Spring Data JPA repositories in DEFAULT mode.
2026-04-13 23:54:34.421 [main] INFO  o.s.d.r.c.RepositoryConfigurationDelegate - Finished Spring Data repository scanning in 129 ms. Found 19 JPA repository interfaces.
2026-04-13 23:54:34.999 [main] INFO  o.s.b.w.embedded.tomcat.TomcatWebServer - Tomcat initialized with port 8080 (https)
2026-04-13 23:54:35.011 [main] INFO  o.apache.coyote.http11.Http11NioProtocol - Initializing ProtocolHandler ["https-jsse-nio-8080"]
2026-04-13 23:54:35.022 [main] INFO  o.apache.catalina.core.StandardService - Starting service [Tomcat]
2026-04-13 23:54:35.022 [main] INFO  org.apache.catalina.core.StandardEngine - Starting Servlet engine: [Apache Tomcat/10.1.54]
2026-04-13 23:54:35.250 [main] INFO  org.apache.jasper.servlet.TldScanner - At least one JAR was scanned for TLDs yet contained no TLDs. Enable debug logging for this logger for a complete list of JARs that were scanned but no TLDs were found in them. Skipping unneeded JARs during scanning can improve startup time and JSP compilation time.
2026-04-13 23:54:35.257 [main] INFO  o.a.c.c.C.[Tomcat].[localhost].[/] - Initializing Spring embedded WebApplicationContext
2026-04-13 23:54:35.257 [main] INFO  o.s.b.w.s.c.ServletWebServerApplicationContext - Root WebApplicationContext: initialization completed in 2138 ms
2026-04-13 23:54:35.403 [main] INFO  com.zaxxer.hikari.HikariDataSource - HikariPool-1 - Starting...
2026-04-13 23:54:35.548 [main] INFO  com.zaxxer.hikari.pool.HikariPool - HikariPool-1 - Added connection com.mysql.cj.jdbc.ConnectionImpl@39a865c1
2026-04-13 23:54:35.550 [main] INFO  com.zaxxer.hikari.HikariDataSource - HikariPool-1 - Start completed.
2026-04-13 23:54:35.636 [main] INFO  o.hibernate.jpa.internal.util.LogHelper - HHH000204: Processing PersistenceUnitInfo [name: default]
2026-04-13 23:54:35.683 [main] INFO  org.hibernate.Version - HHH000412: Hibernate ORM core version 6.6.44.Final
2026-04-13 23:54:35.715 [main] INFO  o.h.c.internal.RegionFactoryInitiator - HHH000026: Second-level cache disabled
2026-04-13 23:54:35.959 [main] INFO  o.s.o.j.p.SpringPersistenceUnitInfo - No LoadTimeWeaver setup: ignoring JPA class transformer
2026-04-13 23:54:36.020 [main] WARN  org.hibernate.orm.deprecation - HHH90000025: MySQL8Dialect does not need to be specified explicitly using 'hibernate.dialect' (remove the property setting and it will be selected by default)
2026-04-13 23:54:36.022 [main] WARN  org.hibernate.orm.deprecation - HHH90000026: MySQL8Dialect has been deprecated; use org.hibernate.dialect.MySQLDialect instead
2026-04-13 23:54:36.033 [main] INFO  org.hibernate.orm.connections.pooling - HHH10001005: Database info:
	Database JDBC URL [Connecting through datasource 'HikariDataSource (HikariPool-1)']
	Database driver: undefined/unknown
	Database version: 8.0
	Autocommit mode: undefined/unknown
	Isolation level: undefined/unknown
	Minimum pool size: undefined/unknown
	Maximum pool size: undefined/unknown
2026-04-13 23:54:37.101 [main] INFO  o.h.e.t.j.p.i.JtaPlatformInitiator - HHH000489: No JTA platform available (set 'hibernate.transaction.jta.platform' to enable JTA platform integration)
2026-04-13 23:54:37.270 [main] INFO  o.s.o.j.LocalContainerEntityManagerFactoryBean - Initialized JPA EntityManagerFactory for persistence unit 'default'
2026-04-13 23:54:37.540 [main] INFO  o.s.config.ConfigurableSiteMeshFilter - SiteMesh 3.2.1 initialized with filter name 'sitemeshFilter'
2026-04-13 23:54:37.592 [main] INFO  o.s.d.j.r.query.QueryEnhancerFactory - Hibernate is in classpath; If applicable, HQL parser will be used.
2026-04-13 23:54:38.237 [main] WARN  o.s.s.c.a.a.c.InitializeUserDetailsBeanManagerConfigurer$InitializeUserDetailsManagerConfigurer - Global AuthenticationManager configured with an AuthenticationProvider bean. UserDetailsService beans will not be used by Spring Security for automatically configuring username/password login. Consider removing the AuthenticationProvider bean. Alternatively, consider using the UserDetailsService in a manually instantiated DaoAuthenticationProvider. If the current configuration is intentional, to turn off this warning, increase the logging level of 'org.springframework.security.config.annotation.authentication.configuration.InitializeUserDetailsBeanManagerConfigurer' to ERROR
2026-04-13 23:54:38.643 [main] WARN  o.s.b.a.o.j.JpaBaseConfiguration$JpaWebConfiguration - spring.jpa.open-in-view is enabled by default. Therefore, database queries may be performed during view rendering. Explicitly configure spring.jpa.open-in-view to disable this warning
2026-04-13 23:54:38.932 [main] INFO  o.s.b.a.e.web.EndpointLinksResolver - Exposing 1 endpoint beneath base path '/actuator'
2026-04-13 23:54:39.465 [main] INFO  o.s.m.s.b.SimpleBrokerMessageHandler - Starting...
2026-04-13 23:54:39.465 [main] INFO  o.s.m.s.b.SimpleBrokerMessageHandler - BrokerAvailabilityEvent[available=true, SimpleBrokerMessageHandler [org.springframework.messaging.simp.broker.DefaultSubscriptionRegistry@1b572ba5]]
2026-04-13 23:54:39.466 [main] INFO  o.s.m.s.b.SimpleBrokerMessageHandler - Started.
2026-04-13 23:54:39.467 [main] INFO  o.apache.coyote.http11.Http11NioProtocol - Starting ProtocolHandler ["https-jsse-nio-8080"]
2026-04-13 23:54:39.663 [main] INFO  o.a.t.util.net.NioEndpoint.certificate - Connector [https-jsse-nio-8080], TLS virtual host [_default_], certificate type [UNDEFINED] configured from keystore [Set directly - location unknown] using alias [springboot] with trust store [null]
2026-04-13 23:54:39.684 [main] INFO  o.s.b.w.embedded.tomcat.TomcatWebServer - Tomcat started on port 8080 (https) with context path '/'
2026-04-13 23:54:39.696 [main] INFO  c.proj.webprojrct.WebprojrctApplication - Started WebprojrctApplication in 7.104 seconds (process running for 7.485)
2026-04-13 23:55:06.967 [https-jsse-nio-8080-exec-9] INFO  o.a.c.c.C.[Tomcat].[localhost].[/] - Initializing Spring DispatcherServlet 'dispatcherServlet'
2026-04-13 23:55:06.968 [https-jsse-nio-8080-exec-9] INFO  o.s.web.servlet.DispatcherServlet - Initializing Servlet 'dispatcherServlet'
2026-04-13 23:55:06.971 [https-jsse-nio-8080-exec-9] INFO  o.s.web.servlet.DispatcherServlet - Completed initialization in 3 ms
2026-04-13 23:55:39.451 [MessageBroker-1] INFO  o.s.w.s.c.WebSocketMessageBrokerStats - WebSocketSession[0 current WS(0)-HttpStream(0)-HttpPoll(0), 0 total, 0 closed abnormally (0 connect failure, 0 send limit, 0 transport error)], stompSubProtocol[processed CONNECT(0)-CONNECTED(0)-DISCONNECT(0)], stompBrokerRelay[null], inboundChannel[pool size = 0, active threads = 0, queued tasks = 0, completed tasks = 0], outboundChannel[pool size = 0, active threads = 0, queued tasks = 0, completed tasks = 0], sockJsScheduler[pool size = 1, active threads = 1, queued tasks = 0, completed tasks = 0]
2026-04-13 23:59:28.499 [background-preinit] INFO  o.h.validator.internal.util.Version - HV000001: Hibernate Validator 8.0.3.Final
2026-04-13 23:59:28.567 [main] INFO  c.proj.webprojrct.WebprojrctApplication - Starting WebprojrctApplication using Java 21 with PID 2316 (C:\Users\kietc\java\ATUDW_FINAL\target\classes started by kietc in C:\Users\kietc\java\ATUDW_FINAL)
2026-04-13 23:59:28.567 [main] INFO  c.proj.webprojrct.WebprojrctApplication - No active profile set, falling back to 1 default profile: "default"
2026-04-13 23:59:30.493 [main] INFO  o.s.d.r.c.RepositoryConfigurationDelegate - Bootstrapping Spring Data JPA repositories in DEFAULT mode.
2026-04-13 23:59:30.741 [main] INFO  o.s.d.r.c.RepositoryConfigurationDelegate - Finished Spring Data repository scanning in 232 ms. Found 19 JPA repository interfaces.
2026-04-13 23:59:31.545 [main] INFO  o.s.b.w.embedded.tomcat.TomcatWebServer - Tomcat initialized with port 8080 (https)
2026-04-13 23:59:31.566 [main] INFO  o.apache.coyote.http11.Http11NioProtocol - Initializing ProtocolHandler ["https-jsse-nio-8080"]
2026-04-13 23:59:31.571 [main] INFO  o.apache.catalina.core.StandardService - Starting service [Tomcat]
2026-04-13 23:59:31.571 [main] INFO  org.apache.catalina.core.StandardEngine - Starting Servlet engine: [Apache Tomcat/10.1.54]
2026-04-13 23:59:31.946 [main] INFO  org.apache.jasper.servlet.TldScanner - At least one JAR was scanned for TLDs yet contained no TLDs. Enable debug logging for this logger for a complete list of JARs that were scanned but no TLDs were found in them. Skipping unneeded JARs during scanning can improve startup time and JSP compilation time.
2026-04-13 23:59:31.946 [main] INFO  o.a.c.c.C.[Tomcat].[localhost].[/] - Initializing Spring embedded WebApplicationContext
2026-04-13 23:59:31.946 [main] INFO  o.s.b.w.s.c.ServletWebServerApplicationContext - Root WebApplicationContext: initialization completed in 3307 ms
2026-04-13 23:59:32.110 [main] INFO  com.zaxxer.hikari.HikariDataSource - HikariPool-1 - Starting...
2026-04-13 23:59:32.300 [main] INFO  com.zaxxer.hikari.pool.HikariPool - HikariPool-1 - Added connection com.mysql.cj.jdbc.ConnectionImpl@53a09566
2026-04-13 23:59:32.303 [main] INFO  com.zaxxer.hikari.HikariDataSource - HikariPool-1 - Start completed.
2026-04-13 23:59:32.394 [main] INFO  o.hibernate.jpa.internal.util.LogHelper - HHH000204: Processing PersistenceUnitInfo [name: default]
2026-04-13 23:59:32.462 [main] INFO  org.hibernate.Version - HHH000412: Hibernate ORM core version 6.6.44.Final
2026-04-13 23:59:32.493 [main] INFO  o.h.c.internal.RegionFactoryInitiator - HHH000026: Second-level cache disabled
2026-04-13 23:59:32.790 [main] INFO  o.s.o.j.p.SpringPersistenceUnitInfo - No LoadTimeWeaver setup: ignoring JPA class transformer
2026-04-13 23:59:32.863 [main] WARN  org.hibernate.orm.deprecation - HHH90000025: MySQL8Dialect does not need to be specified explicitly using 'hibernate.dialect' (remove the property setting and it will be selected by default)
2026-04-13 23:59:32.873 [main] WARN  org.hibernate.orm.deprecation - HHH90000026: MySQL8Dialect has been deprecated; use org.hibernate.dialect.MySQLDialect instead
2026-04-13 23:59:32.896 [main] INFO  org.hibernate.orm.connections.pooling - HHH10001005: Database info:
	Database JDBC URL [Connecting through datasource 'HikariDataSource (HikariPool-1)']
	Database driver: undefined/unknown
	Database version: 8.0
	Autocommit mode: undefined/unknown
	Isolation level: undefined/unknown
	Minimum pool size: undefined/unknown
	Maximum pool size: undefined/unknown
2026-04-13 23:59:34.162 [main] INFO  o.h.e.t.j.p.i.JtaPlatformInitiator - HHH000489: No JTA platform available (set 'hibernate.transaction.jta.platform' to enable JTA platform integration)
2026-04-13 23:59:34.356 [main] INFO  o.s.o.j.LocalContainerEntityManagerFactoryBean - Initialized JPA EntityManagerFactory for persistence unit 'default'
2026-04-13 23:59:34.687 [main] INFO  o.s.config.ConfigurableSiteMeshFilter - SiteMesh 3.2.1 initialized with filter name 'sitemeshFilter'
2026-04-13 23:59:34.756 [main] INFO  o.s.d.j.r.query.QueryEnhancerFactory - Hibernate is in classpath; If applicable, HQL parser will be used.
2026-04-13 23:59:35.488 [main] WARN  o.s.s.c.a.a.c.InitializeUserDetailsBeanManagerConfigurer$InitializeUserDetailsManagerConfigurer - Global AuthenticationManager configured with an AuthenticationProvider bean. UserDetailsService beans will not be used by Spring Security for automatically configuring username/password login. Consider removing the AuthenticationProvider bean. Alternatively, consider using the UserDetailsService in a manually instantiated DaoAuthenticationProvider. If the current configuration is intentional, to turn off this warning, increase the logging level of 'org.springframework.security.config.annotation.authentication.configuration.InitializeUserDetailsBeanManagerConfigurer' to ERROR
2026-04-13 23:59:35.898 [main] WARN  o.s.b.a.o.j.JpaBaseConfiguration$JpaWebConfiguration - spring.jpa.open-in-view is enabled by default. Therefore, database queries may be performed during view rendering. Explicitly configure spring.jpa.open-in-view to disable this warning
2026-04-13 23:59:36.221 [main] INFO  o.s.b.a.e.web.EndpointLinksResolver - Exposing 1 endpoint beneath base path '/actuator'
2026-04-13 23:59:36.955 [main] INFO  o.s.m.s.b.SimpleBrokerMessageHandler - Starting...
2026-04-13 23:59:36.955 [main] INFO  o.s.m.s.b.SimpleBrokerMessageHandler - BrokerAvailabilityEvent[available=true, SimpleBrokerMessageHandler [org.springframework.messaging.simp.broker.DefaultSubscriptionRegistry@16ca9e06]]
2026-04-13 23:59:36.957 [main] INFO  o.s.m.s.b.SimpleBrokerMessageHandler - Started.
2026-04-13 23:59:36.958 [main] INFO  o.apache.coyote.http11.Http11NioProtocol - Starting ProtocolHandler ["https-jsse-nio-8080"]
2026-04-13 23:59:37.220 [main] INFO  o.a.t.util.net.NioEndpoint.certificate - Connector [https-jsse-nio-8080], TLS virtual host [_default_], certificate type [UNDEFINED] configured from keystore [Set directly - location unknown] using alias [springboot] with trust store [null]
2026-04-13 23:59:37.266 [main] INFO  o.s.b.w.embedded.tomcat.TomcatWebServer - Tomcat started on port 8080 (https) with context path '/'
2026-04-13 23:59:37.287 [main] INFO  c.proj.webprojrct.WebprojrctApplication - Started WebprojrctApplication in 9.388 seconds (process running for 10.022)
2026-04-13 23:59:37.492 [https-jsse-nio-8080-exec-8] INFO  o.a.c.c.C.[Tomcat].[localhost].[/] - Initializing Spring DispatcherServlet 'dispatcherServlet'
2026-04-13 23:59:37.492 [https-jsse-nio-8080-exec-8] INFO  o.s.web.servlet.DispatcherServlet - Initializing Servlet 'dispatcherServlet'
2026-04-13 23:59:37.498 [https-jsse-nio-8080-exec-8] INFO  o.s.web.servlet.DispatcherServlet - Completed initialization in 6 ms
